title,lable
生物分类单元,newNode
种,newNode
棘豆属,newNode
Astragalus ambiguus,newNode
姜属,newNode
无危物种,newNode
猫眼草属,newNode
基名,newNode
蓟属,newNode
Cnicus monocephalus,newNode
nucule,newNode
Category:Schizonepeta multifida,newNode
黄芩属,newNode
Medicinal plant of the year,newNode
舌唇苣苔属,newNode
Category:Marrubium vulgare,newNode
critically endangered,newNode
紫菀属,newNode
Maesa,newNode
珍珠菜属,newNode
报春花属,newNode
Comastoma,newNode
Tripterospermum,newNode
Crawfurdia,newNode
Gentiana trailliana,newNode
Gentiana nienkui,newNode
Crawfurdia japonica var. taiwanense,newNode
Gentiana volubilis,newNode
龙胆属,newNode
Vincetoxicum,newNode
球兰属,newNode
蓇葖果,newNode
濒危物种,newNode
微紫草属,newNode
山琉璃草属,newNode
星果紫草属,newNode
Category:Vincetoxicum hirundinaria,newNode
Paracaryum brachytubum,newNode
Myosotis nankotaizanensis,newNode
Onosma micrantha,newNode
Didymocarpus silvarum var. glandulosus,newNode
Chirita grandidentata,newNode
Didymocarpus lanuginosus,newNode
Phelipaea salsa,newNode
Pteracanthus,newNode
Aechmanthera,newNode
变种,newNode
Anotis thwaitesiana,newNode
Sigesbeckia,newNode
异芒菊属,newNode
合子草,newNode
Verbesina prostrata,newNode
Verbesina acmella,newNode
Actinostemma biglandulosum,newNode
藏菊属,newNode
胞果,newNode
齿冠草属,newNode
Serratula caspia,newNode
Conyza redolens,newNode
Sinadoxa,newNode
景天属,newNode
Dendranthema,newNode
Category:Eclipta alba,newNode
易危物种,newNode
Umbilicus oreades,newNode
Chrysanthemum arisanense,newNode
风毛菊属,newNode
鳍蓟属,newNode
Carduus lanipes,newNode
Stenoseris,newNode
Ainsliaea pteropoda var. apteroides,newNode
头嘴苣属,newNode
粉苞苣属,newNode
盘果菊属,newNode
Prenanthes glomerata,newNode
兜兰属,newNode
月见草属,newNode
Category:Anemone raddeana,newNode
Cypripedium hirsutissimum,newNode
Category:Oenothera rosea,newNode
Limodorum flavum,newNode
菟丝子属,newNode
Category:Cuscuta europaea,newNode
Cirrhopetalum emarginatum,newNode
Category:Paphiopedilum hirsutissimum,newNode
葱属,newNode
紫堇属,newNode
杨属,newNode
Cleistogenes kokonorica,newNode
攀缘植物,newNode
娱蚣草属,newNode
Humata,newNode
Ischaemum zeylanicum,newNode
爬墙虎属,newNode
八角莲属,newNode
Andropogon vimineus,newNode
Podophyllum pleianthum,newNode
婆婆纳属,newNode
离瓣寄生属,newNode
Category:Microstegium vimineum,newNode
双辽苔草,newNode
蒴果,newNode
Loranthus terrestris,newNode
Category:Poa nemoralis,newNode
Achyranthes ferruginea,newNode
欧洲联盟,newNode
Carum schizopetalum,newNode
Category:Veronica verna,newNode
Scirpus densus,newNode
山茶属,newNode
细柄茅属,newNode
番薯属,newNode
山茉莉属,newNode
针茅属,newNode
Styrax biaristatus,newNode
Aneilema stenothyrsum,newNode
乌柳,newNode
大叶藻属,newNode
柳树,newNode
型,newNode
Osbeckia angustifolia,newNode
近危物种,newNode
阿魏属,newNode
鸭儿芹,newNode
堇菜属,newNode
Fumaria pauciflora,newNode
党参,newNode
老颧草属,newNode
Category:Viola selkirkii,newNode
荸荠属,newNode
Eria ambrosia,newNode
百合属,newNode
Arcuatopterus,newNode
Category:Alopecurus pratensis,newNode
头蕊兰属,newNode
Category:Lilium callosum,newNode
小檗属,newNode
Serapias damasonium,newNode
Viola biflora var. acutifolia,newNode
Orchid of the Year,newNode
罂粟属,newNode
Category:Cephalanthera damasonium,newNode
天竺葵属,newNode
near threatened,newNode
Category:Papaver orientale,newNode
黄花草,newNode
Spergula saginoides,newNode
萱草属,newNode
vulnerable,newNode
Category:Hemerocallis minor,newNode
Campanula gmelinii,newNode
Amomum zerumbet,newNode
Category:Zingiber zerumbet,newNode
Category:Carex atrata,newNode
Category:Geranium rotundifolium,newNode
Category:Bulbophyllum drymoglossum,newNode
Cirrhopetalum guttulatum,newNode
芒草,newNode
风铃草属,newNode
Category:Bulbophyllum guttulatum,newNode
Carum coloratum,newNode
Category:Campanula glomerata,newNode
Pteris,newNode
藨草属,newNode
羊茅属,newNode
chives,newNode
Category:Allium schoenoprasum,newNode
决明属,newNode
Ajania,newNode
天门冬属,newNode
紫色,newNode
Cassia bicapsularis,newNode
Artemisia pallasiana,newNode
数据缺乏,newNode
亚麻属,newNode
Category:Veronica spicata,newNode
扁莎草属,newNode
Cyperus pumilus,newNode
灯心草属,newNode
异名,newNode
Convolvulus vitifolius,newNode
维基媒体重复页面,newNode
Illecebrum monsoniae,newNode
Category:Pedicularis palustris,newNode
Woodsia,newNode
Commelina spirata,newNode
属,newNode
空气凤梨亚科,newNode
Category:Bulbophyllum delitescens,newNode
Abildgaardia fusca,newNode
Category:Tillandsia,newNode
Category:Carex atrofusca,newNode
旋花属,newNode
鸟舌兰属,newNode
榕属,newNode
Saccolabium pumilum,newNode
半边莲属,newNode
Ammannia rotundifolia,newNode
旱麦草属,newNode
Secale orientale,newNode
Ipomoea quinata,newNode
东谷芹属,newNode
Tectaria,newNode
Lastreopsis,newNode
Mapania hainanensis,newNode
极危,newNode
虾脊兰属,newNode
Heleocharis,newNode
偃麦草属,newNode
尼泊尔老鹳草,newNode
水芹属,newNode
Ctenitopsis,newNode
Schulzia,newNode
Stemodia philippensis,newNode
Chamaesciadium albiflorum,newNode
蓬子菜,newNode
Schoenus albus,newNode
羊胡子草,newNode
当归属,newNode
Category:Carex alba,newNode
醉蝶花属,newNode
Category:Rhynchospora alba,newNode
Category:Eriophorum vaginatum,newNode
Lychnis chalcedonica,newNode
Category:Cleome rutidosperma,newNode
球米草属,newNode
Panicum compositum,newNode
Category:Lychnis chalcedonica,newNode
邪蒿属,newNode
Streptolirion,newNode
Streptolirion longifolium,newNode
Brennende Liebe,newNode
雀稗属,newNode
Carum trichophyllum,newNode
凤仙花属,newNode
Category:Disporum sessile,newNode
西番莲属,newNode
Achyranthes prostrata,newNode
Category:Cyathula prostrata,newNode
Category:Geranium robertianum,newNode
Carum purpureum,newNode
大麦属,newNode
cumin seed,newNode
Category:Cuminum cyminum,newNode
苋属,newNode
Convolvulus sibiricus,newNode
Bupleurum longiradiatum,newNode
Peucedani Radix,newNode
马唐属,newNode
Category:Veronica anagallis-aquatica,newNode
Category:Angelica decursiva,newNode
Trachydium rubrinerve,newNode
Melanosciadium,newNode
Polystichum,newNode
山麦冬属,newNode
Asparagus graminifolius,newNode
Ehrharta caudata,newNode
槲寄生属,newNode
Category:Veronica persica,newNode
Category:Cnidium japonicum,newNode
Trachydium astrantioideum,newNode
延龄草属,newNode
荚果,newNode
Category:Trillium tschonoskii,newNode
土耳其菜式,newNode
Hymenolaena obtusiuscula,newNode
lentil,newNode
Category:Lens culinaris,newNode
Peucedanum ovinum,newNode
蔓芹属,newNode
Carum scaberulum,newNode
Campanula remotiflora,newNode
Bubon buchtormensis,newNode
Ophiorrhiza nana,newNode
Aulacospermum rupestre,newNode
鹅观草属,newNode
Cirrhopetalum taiwanense,newNode
Carum filicinum,newNode
Borreria,newNode
稻属,newNode
Ervatamia,newNode
锦葵属,newNode
水苏属,newNode
Category:Malva verticillata,newNode
Agrostis arundinacea,newNode
Category:Calamagrostis arundinacea,newNode
Category:Geranium pratense,newNode
Silaum,newNode
大戟属,newNode
Category:Allium ramosum,newNode
Category:Euphorbia maculata,newNode
Category:Festuca pratensis,newNode
蚕豆属,newNode
霸王属,newNode
Carum dolichopodum,newNode
Ervum hirsutum,newNode
白色,newNode
Category:Vicia hirsuta,newNode
独尾草属,newNode
Henningia anisoptera,newNode
山矾属,newNode
牡竹属,newNode
Commelina secundiflora,newNode
箬竹属,newNode
Arundinaria latifolia,newNode
Campanula fulgens,newNode
Caloscordum neriniflorum,newNode
土丁桂,newNode
Evolvulus decumbens,newNode
Chaerophyllum scabrum,newNode
Alopecurus monspeliensis,newNode
土牛膝,newNode
三穗薹草,newNode
Carex pocilliformis,newNode
柃属,newNode
Peucedanum cartilaginomarginatum,newNode
Sison crinitum,newNode
委陵菜属,newNode
马松子属,newNode
细柄草属,newNode
Andropogon assimilis,newNode
稗属,newNode
高粱属,newNode
Anchusa tenella,newNode
Poinae,newNode
Category:Bothriospermum tenellum,newNode
筱竹属,newNode
Category:Berberis angulosa,newNode
Cenchrus parviflorus,newNode
Trachydium daucoides,newNode
Category:Veronica beccabunga,newNode
蒿属,newNode
Artemisia vulgaris var. mongolica,newNode
酸模属,newNode
Convolvulus turpethum,newNode
Sedum sieboldii,newNode
Category:Hylotelephium sieboldii,newNode
Saccolabium himalaicum,newNode
Carum paniculatum,newNode
爱德华·奥古斯特·冯里格尔,newNode
Achyranthes rubrofusca,newNode
Category:Cyperus fuscus,newNode
狼尾草属,newNode
Aspidium ebeninum,newNode
Trachydium delavayi,newNode
Cheilanthopsis,newNode
Buchnera,newNode
竹根七属,newNode
野笠苔草,newNode
Carum yunnanense,newNode
钩毛果属,newNode
Melasma,newNode
亚种,newNode
Mastixia pentandra,newNode
Podophyllum aurantiocaule,newNode
Mastixia chinensis,newNode
Carum loloensis,newNode
Zingiber nigrum,newNode
清明花属,newNode
青牛胆,newNode
石笔木属,newNode
水娱蚣属,newNode
Tinospora yunnanensis,newNode
Mussaenda pavettifolia,newNode
Tilingia ajanensis,newNode
Pimpinella nikoensis var. koreana,newNode
Diplachne hackelii,newNode
Category:Epimedium koreanum,newNode
Blastus yunnanensis,newNode
Cirrhopetalum chondriophorum,newNode
Bupleuri Radix,newNode
Corydalis bulleyana,newNode
Cissampelos glabra,newNode
Achasma,newNode
Gymnadenia tominagae,newNode
箭竹属,newNode
水仙属,newNode
Category:Mazus surculosus,newNode
Cyperus sanguinolentus,newNode
Category:Narcissus poeticus,newNode
稗,newNode
天山邪蒿属,newNode
刚竹属,newNode
Panicum forbesianum,newNode
吊兰属,newNode
Pimpinella hookeri,newNode
Berberis chitria var. sikkimensis,newNode
Cortia,newNode
Athamanta depressa,newNode
Trilepis royleana,newNode
Dendrobium striatum,newNode
桑草属,newNode
青荚叶科,newNode
蜂斗草属,newNode
狗尾草,newNode
Category:Viola epipsila,newNode
Fordiophyton gracile,newNode
Peucedanum gracile,newNode
谷木属,newNode
Adina,newNode
Ciclospermum,newNode
Angelica tenuissima,newNode
Pimpinella leptophylla,newNode
Pimpinella capillifolia,newNode
Carum leptocladum,newNode
颖果,newNode
Epimedium davidii var. hunanense,newNode
浆果,newNode
Commelina simplex,newNode
Category:Poa angustifolia,newNode
瓶尔小草属,newNode
山芹,newNode
Aneilema kainantense,newNode
Category:Calanthe angustifolia,newNode
Sideroxylon clemensii,newNode
忍冬属,newNode
Scirpus aestivalis,newNode
Category:Dryas octopetala,newNode
Cirrhopetalum fordii,newNode
Cachrys athamantoides,newNode
Sedum angustum,newNode
Tigridiopalma,newNode
Category:Ipomoea pes-tigridis,newNode
Category:Spartina alterniflora,newNode
桃叶珊瑚属,newNode
对穗草属,newNode
Plagiorhegma,newNode
Category:Pilea cadierei,newNode
隐匿苔草,newNode
Lilium lophophorum subsp. linearifolium,newNode
山萝卜属,newNode
白芨属,newNode
扁穗莞属,newNode
杏叶沙参,newNode
Scirpus chinensis,newNode
Category:Pedicularis superba,newNode
Sedum tatarinowii,newNode
一本芒属,newNode
Cyclosorus,newNode
Bredia velutina,newNode
Polypodium parasiticum,newNode
雀麦属,newNode
Davallia,newNode
Cirrhopetalum tseanum,newNode
Pteris wallichiana var. austrosinica,newNode
香蒲属,newNode
丝兰属,newNode
Podophyllum difforme,newNode
Category:Zinnia angustifolia,newNode
须芒草属,newNode
Bletia formosana,newNode
山柑属,newNode
Category:Capparis micracantha,newNode
方竹属,newNode
Herminium pusillum,newNode
Aulacolepis,newNode
Pimpinella radiata,newNode
Ligusticum waltonii,newNode
Corydalis pseudoheterocentra,newNode
Tenacistachya,newNode
Fritillariae Bulbus,newNode
中华青荚叶,newNode
Berberis grodtmanniana,newNode
Lilium nanum,newNode
Fritillaria flavida,newNode
Category:Vinca minor,newNode
Category:Typha minima,newNode
Convolvulus obscurus,newNode
Category:Veronica serpyllifolia,newNode
Oldenlandia repens,newNode
Category:Ipomoea obscura,newNode
Carum cardiocarpum,newNode
Angelica rivulorum,newNode
Campanula lilifolia,newNode
Category:Linaria vulgaris,newNode
芍药属,newNode
Pituranthos pelliotii,newNode
Category:Corydalis ochotensis,newNode
Carex acuta var. appendiculata,newNode
Taxillus sutchuenensis,newNode
Peucedanum canescens,newNode
Loranthus duclouxii,newNode
木兰属,newNode
anise seed,newNode
Small Brockhaus and Efron Encyclopedic Dictionary,newNode
Explanatory Dictionary of the Living Great Russian Language,newNode
Category:Magnolia stellata,newNode
蓼属,newNode
俄语百科全书,newNode
火炭母草,newNode
大保利古典学百科全书,newNode
Category:Veronica arvensis,newNode
Category:Stellaria neglecta,newNode
Category:Pteris vittata,newNode
Ptychotis puberula,newNode
Panicum syzigachne,newNode
Poa panicea,newNode
Trikeraia,newNode
禾本科,newNode
Category:Thaumastochloa,newNode
Phalaris phleoides,newNode
Paracolpodium,newNode
Tradescantia ciliata,newNode
三叶茴香,newNode
Araiostegia,newNode
Arundo pseudophragmites,newNode
Davallia beddomei,newNode
Carum caudatum,newNode
Paradavallodes,newNode
Fritillaria lophophora,newNode
沙参,newNode
Category:Typha laxmannii,newNode
Stapfiophyton,newNode
Category:Carex brizoides,newNode
海芋属,newNode
Arum cucullatum,newNode
Reutera acuminata,newNode
Diplachne songorica,newNode
瓦松属,newNode
Sedum chanetti,newNode
Scirpus triangulatus,newNode
阿米属,newNode
Semenovia,newNode
Category:Ammi majus,newNode
Ponerorchis,newNode
普通剪股颖,newNode
白鼓丁属,newNode
蒺藜属,newNode
南非,newNode
Category:Tribulus cistoides,newNode
Champereia,newNode
Category:Strelitzia nicolai,newNode
Cansjera manillana,newNode
Pimpinella muscicola,newNode
Category:Geranium himalayense,newNode
Corydalis gigantea var. macrantha,newNode
Stemodia grandiflora,newNode
点囊苔草,newNode
Aristida arundinacea,newNode
Leucostegia,newNode
Convolvulus pellitus,newNode
Pimpinella taeniophylla,newNode
Category:Magnolia sieboldii,newNode
Hymenolaena lindleyana,newNode
Sium erectum,newNode
Category:Berula erecta,newNode
甘蔗,newNode
Bromus giganteus,newNode
Category:Festuca gigantea,newNode
石头花属,newNode
Serapias helleborine var. longifolia,newNode
Category:Cephalanthera longifolia,newNode
铜锤玉带草属,newNode
Chaerophyllum sylvestre,newNode
Category:Anthriscus sylvestris,newNode
沉香属,newNode
Kaempferia involucrata,newNode
Melandrium glabellum,newNode
Aira cespitosa,newNode
慈姑属,newNode
Category:Deschampsia cespitosa,newNode
Panicum chondrachne,newNode
拟南芥属,newNode
Category:Zygophyllum fabago,newNode
Flower of the Year Campaign in Germany,newNode
Category:Veronica longifolia,newNode
Alyssum incanum,newNode
Stachyurus,newNode
角果,newNode
Nephelaphyllum chinense,newNode
鼠尾粟属,newNode
Fumaria impatiens,newNode
Cirrhopetalum spathulatum,newNode
Legazpia,newNode
Convolvulus tridentatus,newNode
Torenia polygonoides,newNode
Scirpus corymbosus,newNode
Category:Calanthe tricarinata,newNode
superfluous name,newNode
Carex esenbeckii,newNode
Epimediinae,newNode
Epimedium alpinum,newNode
Category:Bulbophyllum umbellatum,newNode
Orchis triplicata,newNode
Category:淫羊藿属,newNode
钝果寄生属,newNode
Category:Calanthe triplicata,newNode
Loranthus umbellifer,newNode
冰草属,newNode
Rhinopetalum karelinii,newNode
Celosia nodiflora,newNode
山菅兰属,newNode
万代兰属,newNode
Category:Vanda flabellata,newNode
Lemna punctata,newNode
短毛牛防风,newNode
Athamanta chinensis,newNode
牛膝,newNode
Ficus thunbergii,newNode
Sarcozygium,newNode
Zygophyllum kaschgaricum,newNode
白桐树属,newNode
芦苇属,newNode
Arundo karka,newNode
Commelina medica,newNode
黍属,newNode
唐竹属,newNode
Semiarundinaria henryi,newNode
山龙眼属,newNode
Fumaria incisa,newNode
Athamanta denudata,newNode
Category:Calanthe brevicornu,newNode
高山漆姑草属,newNode
Category:Calystegia soldanella,newNode
Arenaria kashmirica,newNode
茶秆竹属,newNode
鹅掌柴属,newNode
Dendrocalamopsis,newNode
Aralia elegantissima,newNode
风车藤属,newNode
伞形科,newNode
Andrey Krasnov,newNode
Category:块茎芹属,newNode
Scirpus lithospermus,newNode
Category:Veronica chamaedrys,newNode
Corydalis albicaulis var. latiloba,newNode
白粉藤属,newNode
Vitis assamica,newNode
毒芹,newNode
Selinum terebinthaceum,newNode
杜鹃花属,newNode
Category:Ipomoea sloteri,newNode
Zygophyllum rosowii,newNode
蔬菜,newNode
Commelina japonica,newNode
Zygophyllum latifolium,newNode
Category:Typha latifolia,newNode
藤春属,newNode
Category:Eriophorum latifolium,newNode
Category:Aegopodium podagraria,newNode
Ottův slovník naučný,newNode
Berberis yunnanensis var. platyphylla,newNode
杨桐属,newNode
黄花夹竹桃属,newNode
Category:Viola rupestris,newNode
Cerbera ahouai,newNode
ben oil,newNode
崖爬藤属,newNode
Moringa oleifera extract,newNode
Rhododendron thomsonii var. cyanocarpum,newNode
Category:Moringa oleifera,newNode
仙茅属,newNode
Carpobrotus,newNode
Mesembryanthemum edule,newNode
Tradescantia vaga,newNode
Campanula marginata,newNode
Category:Carpobrotus edulis,newNode
柯树属,newNode
Category:Wahlenbergia marginata,newNode
Vandellia oblonga,newNode
Porotrichum,newNode
Neckera fruticosa,newNode
Cortia hookeri,newNode
地毯草属,newNode
Paspalum fissifolium,newNode
Viola enneasperma,newNode
Panicum myosuroides,newNode
Diodia,newNode
Category:Geranium sibiricum,newNode
Leptochloa fusca,newNode
Category:Viola biflora,newNode
Cachrys vaginata,newNode
鞘花属,newNode
Cirrhopetalum wallichii,newNode
Andropogon annulatus,newNode
Loranthus bibracteolatus,newNode
Sinephropteris,newNode
Cymbidium strictum,newNode
Salix tetrasperma var. kusanoi,newNode
杜英属,newNode
Histiopteris,newNode
Category:Fimbristylis miliacea,newNode
Panicum oryzoides,newNode
Category:Glyceria maxima,newNode
Category:Limosella aquatica,newNode
Burmannia,newNode
鹬草,newNode
泥炭藓属,newNode
Aneilema triquetrum,newNode
Helosciadium tenerum,newNode
肾蕨属,newNode
Scirpus dichotomus,newNode
木兰桑寄生,newNode
Lepyrodiclis quadridentata,newNode
Category:Fimbristylis dichotoma,newNode
臂形草属,newNode
Taxillus caloreas,newNode
Cnidium jeholense,newNode
Panicum subquadriparum,newNode
青荚叶,newNode
Category:Potamogeton polygonifolius,newNode
Category:Carex pseudocyperus,newNode
Spuriopimpinella komarovii,newNode
Andropogon brevifolius,newNode
Pseudodissochaeta lanceata,newNode
Athamanta incana,newNode
Cactus strictus,newNode
Cenchrus lappaceus,newNode
安息香属,newNode
Cerastium fimbriatum,newNode
Category:Opuntia stricta,newNode
Category:Angelica sylvestris,newNode
Encyclopedic Lexicon,newNode
Category:Bulbophyllum bicolor,newNode
Great Soviet Encyclopedia (1926–1947),newNode
Gymnadenia hemipilioides,newNode
鳞子莎属,newNode
Category:Scirpus sylvaticus,newNode
Cephalantheropsis,newNode
Davallia perdurans,newNode
Cirrhopetalum japonicum,newNode
Pimpinella albescens,newNode
华箬竹属,newNode
滇南山矾,newNode
Achyranthes tomentosa,newNode
Czernaevia,newNode
Molinia,newNode
Category:Dianthus japonicus,newNode
肉实属,newNode
Phalaris oryzoides,newNode
Libanotis villosa,newNode
Category:Leersia oryzoides,newNode
红豆属,newNode
Category:Lilium papilliferum,newNode
Berberis thunbergii var. papillifera,newNode
Trachydium viridiflorum,newNode
Category:Sanicula europaea,newNode
Sideroxylon shweliensis,newNode
Category:Festuca valesiaca,newNode
Gomphopetalum viridiflorum,newNode
宽叶羌活,newNode
Category:Viscum album,newNode
Commelina nudiflora,newNode
Category:Clintonia udensis,newNode
Category:Ipomoea mauritiana,newNode
Stelis hirta,newNode
Omphalotrix,newNode
Scirpus dipsaceus,newNode
榄仁属,newNode
Category:Terminalia myriocarpa,newNode
Herpestis floribunda,newNode
异花草属,newNode
地黄属,newNode
Ligusticum vaginatum,newNode
翡若翠科,newNode
Lepyrodiclis giraldii,newNode
Category:Acanthochlamys,newNode
Trachydium hispidum,newNode
芍药,newNode
Pastinaca dasycarpa,newNode
Osbeckia melastomatoides,newNode
Arabis lyrata,newNode
Category:Viola hirta,newNode
Vilfa pilifera,newNode
薄钟花属,newNode
Bubon eriocephalus,newNode
Category:Viola collina,newNode
Panicum undulatifolium,newNode
Andropogon prionodes,newNode
Category:Cerastium glomeratum,newNode
龙须海棠属,newNode
Swida,newNode
琴叶榕,newNode
Peucedanum dissectum,newNode
Pedicularis petitmenginii var. dissecta,newNode
崖白菜属,newNode
Gratiola juncea,newNode
Chaerophyllum gracile,newNode
Stelis odoratissima,newNode
Category:Calanthe densiflora,newNode
Bredia hispidissima,newNode
Category:Lilium regale,newNode
Selinum oliverianum,newNode
Gymnospermium,newNode
Leontice microrrhyncha,newNode
宽叶韭,newNode
Category:Lemna trisulca,newNode
Peucedanum reptans,newNode
欧防风属,newNode
欧氏马先蒿欧氏亚种欧氏变种欧氏变型,newNode
Category:Veronica polita,newNode
大节竹属,newNode
书带薹草,newNode
Stemodia repens,newNode
Category:Sium latifolium,newNode
Category:Pteris cretica,newNode
Category:Glechoma hederacea,newNode
Melandrium puranense,newNode
绿绒篙属,newNode
Papaver paniculatum,newNode
梭鱼草属,newNode
Category:Pontederia cordata,newNode
Convolvulus dissectus,newNode
土瓶草属,newNode
Category:Cephalotus follicularis,newNode
Artemisia centiflora,newNode
Category:Salvia divinorum,newNode
杓兰属,newNode
Habenaria faberi,newNode
狸藻属,newNode
捕虫堇属,newNode
Category:Pinguicula alpina,newNode
石斛兰属,newNode
Category:Cypripedium debile,newNode
舌唇兰属,newNode
鸟足兰属,newNode
Coelogyne yunnanensis,newNode
Category:Cypripedium guttatum,newNode
Category:Cypripedium henryi,newNode
Category:Cypripedium tibeticum,newNode
Category:Paphiopedilum micranthum,newNode
Stimpsonia crispidens,newNode
Isopyrum peltatum,newNode
Coptis chinensis var. omeiensis,newNode
黄山梅属,newNode
铁线莲属,newNode
金丝桃属,newNode
Category:Kirengeshoma palmata,newNode
Category:Clematis heracleifolia,newNode
Category:Hypericum erectum,newNode
Championella sarcorrhiza,newNode
泽泻属,newNode
倒提壶属,newNode
紫草属,newNode
Category:Lithospermum officinale,newNode
马蹄莲属,newNode
Category:Amaranthus albus,newNode
蕙兰属,newNode
Hygrochilus,newNode
Category:Lilium distichum,newNode
Category:Alisma gramineum,newNode
Vanda parishii,newNode
狗哇花属,newNode
Category:Zantedeschia albomaculata,newNode
Lerchea,newNode
Dipteracanthus,newNode
Category:Hygrochilus parishii,newNode
Ophiorrhiza micrantha,newNode
Semnostachya,newNode
Ruellia repens,newNode
蒲公英,newNode
Scorzonera hemilasia,newNode
Rhagadiolus,newNode
Sonchus oleraceus var. asper,newNode
Mulgedium,newNode
Hieracium hispidum,newNode
Hexinia,newNode
Category:Sonchus asper,newNode
Prenanthes lanceolata,newNode
Prenanthes acaulis,newNode
Prenanthes sarmentosa,newNode
Category:Crepis tectorum,newNode
Paraprenanthes,newNode
Lactuca thibetica,newNode
Lactuca sororia,newNode
Lactuca glandulosissima,newNode
Syncalathium,newNode
Lactuca kawaguchii,newNode
Soroseris chrysocephala,newNode
Crepis disciformis,newNode
Stebbinsia,newNode
Notoseris,newNode
Lapsanastrum,newNode
Lapsana,newNode
Nabalus,newNode
Lapsana apogonoides,newNode
胡椒属,newNode
莴苣属,newNode
Pterocypsela,newNode
Category:Lactuca indica,newNode
厚肋苦荬菜属,newNode
Paraixeris,newNode
Chaetoseris,newNode
Lactuca likiangensis,newNode
Lactuca macrantha,newNode
Lactuca graciliflora,newNode
Category:Chondrilla juncea,newNode
Gerbera anandria var. bonatiana,newNode
Chaptalia maxima,newNode
Arnica piloselloides,newNode
Category:Echinops humilis,newNode
Liatris latifolia,newNode
Ainsliaea pteropoda var. macrocephala,newNode
Johannes Mattfeld,newNode
Schmalhausenia,newNode
海因里希·冯亨德尔-马志尼,newNode
黄冠菊属,newNode
Jurinea filifolia,newNode
Cirsium nidulans,newNode
Centaurea repens,newNode
Category:Arctium tomentosum,newNode
Carduus leucophyllus,newNode
Alfredia,newNode
菜蓟属,newNode
Cnicus cernuus,newNode
Serratula tenuifolia,newNode
Cirsium igniarium,newNode
神,newNode
Category:Cynara cardunculus,newNode
Saussurea edulis,newNode
Jurinea picridifolia,newNode
Crupina,newNode
Jurinea cooperi,newNode
Category:Carduus acanthoides,newNode
Category:Carduus crispus,newNode
Microlonchus minimus,newNode
祈州漏卢属,newNode
红花属,newNode
矢车菊属,newNode
Plagiobasis sogdiana,newNode
Onopordum deltoides,newNode
Cnicus cartamoides,newNode
Category:Carthamus lanatus,newNode
Cnicus benedictus,newNode
Centaurea moschata,newNode
Centaurea glauca,newNode
Microlonchus albispinus,newNode
Othonna sibirica,newNode
Ligularia reniformis,newNode
Category:Cnicus,newNode
Dicercoclados,newNode
假千里光属,newNode
青锁龙属,newNode
西伯利亚,newNode
Tillaea aquatica,newNode
Category:Ligularia sibirica,newNode
六瓣景天属,newNode
石莲属,newNode
Sedum bonnafousii,newNode
Cotyledon lievenii,newNode
Crassula yunnanensis,newNode
Tussilagininae,newNode
Sinosenecio,newNode
Synotis,newNode
Senecio oldhamianus,newNode
Senecio wallichii,newNode
Senecio hieraciifolius,newNode
Senecio valerianifolius,newNode
瓦莲属,newNode
Umbilicus platyphyllus,newNode
Cacalia procumbens Lour. (1790),newNode
Senecio pseudochina,newNode
Handeliinae,newNode
Chamaemelum,newNode
小白菊属,newNode
Category:Handelia,newNode
罗马洋甘菊,newNode
Chrysanthemum argyrophyllum,newNode
Chrysanthemum lineare,newNode
Chrysanthemum monogolicum,newNode
Tanacetum glabriusculum,newNode
Chrysanthemum chanetii,newNode
Category:matricaria chamomillia,newNode
Chrysanthemum naktongense,newNode
Peracarpa,newNode
Tetradoxa,newNode
Category:Asyneuma japonicum,newNode
Campanula carnosa,newNode
Adoxa omeiensis,newNode
Chrysanthemum potentilloides,newNode
Chrysanthemum hypargyrum,newNode
Chrysanthemum oreastrum,newNode
Chrysanthemum maximowiczii,newNode
Chamaemelum limosum,newNode
Coleostephus,newNode
Allardia,newNode
Category:Matricaria discoidea,newNode
Chrysanthemum taihangense,newNode
Category:Coleostephus myconis,newNode
Pyrethrum scopulorum,newNode
Pyrethrum discoideum,newNode
Cancrinia chrysocephala subsp. tianschanica,newNode
Artemisia pectinata,newNode
Artemisia minima,newNode
Saussurea tanguensis,newNode
Conyza balsamifera,newNode
Conyza fistulosa,newNode
Conyza lacera,newNode
Category:Blumea balsamifera,newNode
Cyanthillium,newNode
Vernonieae,newNode
假藿香蓟属,newNode
Conyza cinerea,newNode
Category:Pseudelephantopus,newNode
Category:Eupatorium cannabinum,newNode
Eupatorium adenophorum,newNode
Category:Eupatorium japonicum,newNode
Eupatorium cordatum,newNode
Dichrocephala,newNode
Category:Ageratina adenophora,newNode
Hippia integrifolia,newNode
Cotula chrysanthemifolia,newNode
Tanacetum purpureum,newNode
瓶头菊属,newNode
Lagenophorinae,newNode
Category:Solidago virgaurea,newNode
Bellis stipitata,newNode
Aster incisus,newNode
Aster mongolicus,newNode
Aster longipetiolatus,newNode
岩菊属,newNode
Valeriana rupestris,newNode
Valeriana sibirica,newNode
Valeriana villosa,newNode
Erigeron gramineus,newNode
甘松香属,newNode
Erigeron nigromontanus,newNode
Category:Nardostachys grandiflora,newNode
Bible Encyclopedia of Archimandrite Nicephorus,newNode
Conyza pubescens,newNode
Aster breviscapus,newNode
假蓬属,newNode
Erigeron leucanthus,newNode
Thespis,newNode
拟艾脑属,newNode
燕茜属,newNode
Category:Erigeron canadensis,newNode
合苞菊属,newNode
Blumea flava,newNode
New Encyclopedic Dictionary,newNode
火绒草属,newNode
Jewish Encyclopedia of Brockhaus and Efron,newNode
Category:Filago arvensis,newNode
Gnaphalium dioicum,newNode
Gnaphalium artemisiifolium,newNode
Leontopodium alpinum var. stracheyi,newNode
Category:Antennaria dioica,newNode
鼠曲草属,newNode
Pseudognaphalium,newNode
Anaphalis adnata,newNode
Helichrysum luteoalbum,newNode
Gnaphalium subulatum,newNode
Gnaphalium arenarium,newNode
Category:Pseudognaphalium affine,newNode
Category:Pseudognaphalium hypoleucum,newNode
Category:Helichrysum arenarium,newNode
Inula indica,newNode
Inula dysenterica,newNode
Inula gnaphalodes,newNode
Inula chrysantha,newNode
Pterocephalodes,newNode
Category:Dipsacus fullonum,newNode
Category:Pulicaria dysenterica,newNode
Dipsacus fullonum var. sativus,newNode
Scabiosa hookeri,newNode
Edgaria,newNode
Alsomitra graciliflora,newNode
红钮子属,newNode
Bryonia amplexicaulis,newNode
苦瓜属,newNode
甜瓜属,newNode
Bryonia palmata,newNode
Bryonia pedunculosa,newNode
Trichosanthes integrifolia,newNode
辣子瓜属,newNode
Bryonia grandis,newNode
Momordica pedata,newNode
Category:Coccinia grandis,newNode
Category:Cyclanthera pedata,newNode
Anisopappus,newNode
苍耳属,newNode
豚草属,newNode
Category:Ambrosia trifida,newNode
Melampodium australe,newNode
Category:Parthenium argentatum,newNode
Zinnia violacea,newNode
Chrysogonum peruvianum,newNode
蟚蜞菊属,newNode
Category:Acanthospermum australe,newNode
Category:Zinnia elegans,newNode
鬼针草,newNode
Verbesina nodiflora,newNode
Coreopsis biternata,newNode
香茹属,newNode
Category:Bidens cernua,newNode
Category:Bidens frondosa,newNode
Category:Bidens radiata,newNode
Category:Galinsoga parviflora,newNode
Category:Tridax procumbens,newNode
莛子藨属,newNode
Leptopetalum,newNode
Xanthophytum sinicum,newNode
Hedyotis strigulosa var. parvifolia,newNode
Oldenlandia strigulosa,newNode
Mouretia,newNode
Anotis calycina,newNode
Hedyotis lindleyana var. hirsuta,newNode
Anotis formosana,newNode
Keenania,newNode
Oldenlandia hirsuta,newNode
Anotis kwangtungensis,newNode
Anotis ingrata,newNode
Hedyotis wightiana,newNode
Pseudopyxis,newNode
蔓虎刺属,newNode
Richardia,newNode
Mitracarpus,newNode
Asperula maximowiczii,newNode
Asperula platygalium,newNode
Asperula rivalis,newNode
Category:Galium rivale,newNode
Asperula paniculata,newNode
Category:Galium uliginosum,newNode
Category:Galium boreale,newNode
Category:Galium palustre,newNode
核果,newNode
rose madder,newNode
madder,newNode
Category:Rubia tinctorum,newNode
Oldenlandia,newNode
Houstonia,newNode
Microphysa,newNode
Canthium labordei,newNode
Asperula elongata,newNode
Category:Thunbergia fragrans,newNode
Category:Thunbergia alata,newNode
Blepharis,newNode
Justicia canescens,newNode
Acanthus maderaspatensis,newNode
Ruellia delavayana,newNode
可爱花属,newNode
Ruellia cavaleriei,newNode
裸柱花属,newNode
Ruellia erecta,newNode
Justicia polysperma,newNode
Andrographis sinensis,newNode
Echinacanthus,newNode
Ruellia cumingiana,newNode
Ruellia reptans,newNode
Category:Hygrophila polysperma,newNode
Ruellia japonica,newNode
Strobilanthes longiflora,newNode
Strobilanthes xanthantha,newNode
Pyrrothrix,newNode
Diflugossa,newNode
Ruellia chinensis,newNode
Hemigraphis fluviatilis,newNode
耳叶爵床属,newNode
Adenacanthus,newNode
Strobilanthes flexa,newNode
Hymenochlaena,newNode
Ruellia fasciculata,newNode
穿心莲属,newNode
Justicia laxiflora,newNode
Justicia gangetica,newNode
Leptostachya,newNode
Category:Asystasia gangetica,newNode
Eranthemum polyanthum,newNode
Asystasia pauciflora,newNode
Justicia collina,newNode
Dicliptera,newNode
九头狮子草属,newNode
Dianthera bicalyculata,newNode
Justicia lanceolaria,newNode
Justicia triflora,newNode
Justicia nutans,newNode
Justicia pectinata,newNode
Cosmianthemum,newNode
Graptophyllum viriduliflorum,newNode
Justicia albovelata,newNode
Justicia alboviridis,newNode
Ruellia repens var. kouytcheensis,newNode
Justicia leptostachya,newNode
珊瑚花属,newNode
Category:Plantago camtschatica,newNode
Category:Plantago arenaria,newNode
Category:Plantago maritima,newNode
Category:Plantago media,newNode
Category:Plantago lanceolata,newNode
Category:Plantago major,newNode
Tecoma mairei,newNode
Martynia,newNode
Category:Martynia annua,newNode
苦苣苔科,newNode
黔苣苔属,newNode
Oreocharis,newNode
Oreocharis leiophylla,newNode
Didymocarpus auricula,newNode
Oreocharis mairei,newNode
佛肚苣苔属,newNode
Didissandra longipes,newNode
Didissandra mihieri,newNode
Didissandra muscicola,newNode
Didissandra pinfaensis,newNode
Didissandra rosthornii,newNode
Didissandra speciosa,newNode
Briggsiopsis,newNode
Didissandra delavayi,newNode
Didissandra fargesii,newNode
Didymocarpus mairei,newNode
Didissandra notochlaena,newNode
Didissandra saxatilis,newNode
Didissandra amabilis,newNode
Didissandra agnesiae,newNode
Didissandra elegantissima,newNode
单型,newNode
Chirita dalzielii,newNode
细蟌科,newNode
Didymostigma,newNode
Pseudochirita,newNode
Allostigma,newNode
Metabriggsia,newNode
Chirita obtusa,newNode
Chirita guangxiensis,newNode
Chirita bicornuta,newNode
Metapetrocosmea,newNode
Lagarosolen,newNode
Petrocosmea peltata,newNode
石钟花属,newNode
Dolicholoma,newNode
Calcareoboea,newNode
密叶苣苔属,newNode
Boea crassifolia,newNode
Boea dictyoneura,newNode
Oreocharis filipes,newNode
Boea hainanensis,newNode
Didymocarpus martinii,newNode
Didymocarpus neurophyllus,newNode
Boea rufescens,newNode
Boea thirionii,newNode
雀苣苔属,newNode
斜柱苣苔属,newNode
Boea arachnoidea,newNode
Boea feddei,newNode
台地黄属,newNode
Stauranthera chiritiflora,newNode
Rhynchoglossum sasakii,newNode
Stauranthera tsiangiana,newNode
赛茛菪属,newNode
天篷子属,newNode
Category:Scrophularia umbrosa,newNode
Scopolia sinensis,newNode
Physaliastrum,newNode
地海椒属,newNode
Chamaesaracha heterophylla,newNode
Chamaesaracha japonica,newNode
Chamaesaracha sinensis,newNode
酸浆属,newNode
茄属,newNode
Solanum subg. Leptostemonum,newNode
Physalis somnifera,newNode
Category:Solanum sisymbriifolium,newNode
风茄,newNode
Category:Physalis angulata,newNode
Category:Withania somnifera,newNode
Solanum lysimachioides,newNode
刺锚草属,newNode
Verbena jamaicensis,newNode
拟紫草属,newNode
驴臭草属,newNode
Category:Stachytarpheta jamaicensis,newNode
Teucrium nepetifolium,newNode
Lithospermum arvense,newNode
Category:Buglossoides arvensis,newNode
Aegonychon zollingeri,newNode
later homonym,newNode
假紫草属,newNode
Onosma hookeri var. wardii,newNode
Lithospermum euchromon,newNode
Lithospermum decumbens,newNode
狭管紫草属,newNode
狼紫草属,newNode
Lithospermum tschimganicum,newNode
Anchusa ovata,newNode
Omphalodes cavaleriei,newNode
Category:Myosotis sparsiflora,newNode
Omphalodes mairei,newNode
Eritrichium myosotideum,newNode
Eritrichium tibeticum,newNode
Omphalodes chekiangensis,newNode
微核草属,newNode
Omphalodes moupinensis,newNode
Pulmonaria davurica,newNode
Eritrichium pygmaeum,newNode
Myosotis hookeri,newNode
Echinospermum canum,newNode
Myosotis incana,newNode
Myosotis villosa,newNode
Hackelia echinocarya,newNode
Echinospermum thymifolium,newNode
Echinospermum brachycentrum,newNode
Echinospermum microcarpum,newNode
Myosotis redowskii,newNode
Actinocarya bhutanica,newNode
Omphalodes blepharolepis,newNode
Omphalodes forrestii,newNode
Eritrichium pustulosum,newNode
Omphalodes diffusa,newNode
Lepechiniella,newNode
Echinospermum sinaicum,newNode
Anchusa spinocarpos,newNode
糙草属,newNode
弯果鹤虱属,newNode
Eritrichium densiflorum,newNode
Eritrichium munroi,newNode
Microcaryum trichocarpum,newNode
长蕊斑种草属,newNode
Category:Asperugo procumbens,newNode
Cynoglossum dunnianum,newNode
amabiline,newNode
Adelocaryum schlagintweitii,newNode
Encyclopedia of Armenian Nature,newNode
翅果草属,newNode
Category:Cynoglossum amabile,newNode
Category:Cynoglossum officinale,newNode
Cynoglossum stylosum,newNode
Paracaryum,newNode
Convolvulus gemellus,newNode
Convolvulus hirtus,newNode
Convolvulus muricatus,newNode
Category:Ipomoea lobata,newNode
Category:Polemonium caeruleum,newNode
Category:Phlox paniculata,newNode
白前属,newNode
Category:Phlox subulata,newNode
Asclepias purpurea,newNode
Vincetoxicum ascyrifolium,newNode
Cynanchum forrestii var. balfourianum,newNode
Vincetoxicum mongolicum var. hancockianum,newNode
Vincetoxicum inamoenum,newNode
Category:Exacum tetragonum,newNode
寄生龙胆属,newNode
Cicendia microphylla,newNode
Gentianae Scabrae Radix,newNode
Category:Centaurium pulchellum,newNode
Category:Gentiana thunbergii,newNode
Gentiana veitchiorum var. caelestis,newNode
Category:Gentiana sino-ornata,newNode
Crawfurdia chinensis,newNode
Gentiana cyanea,newNode
Crawfurdia cordifolia,newNode
Gentiana filicaulis,newNode
Tripterospermum trinervium,newNode
Crawfurdia lanceolata,newNode
Gentiana crawfurdioides,newNode
Gentiana dimidiata,newNode
Gentiana pricei,newNode
Gentiana semialata,newNode
Gentiana sessiliflora,newNode
滇黄芩属,newNode
侧蕊属,newNode
Gentiana stylophora,newNode
Swertia burkilliana,newNode
Swertia carinthiaca,newNode
Swertia bella,newNode
Category:Lomatogonium carinthiacum,newNode
Swertia rotata,newNode
Ophelia racemosa,newNode
Category:Lomatogonium rotatum,newNode
Swertia corniculata,newNode
Gentiana barbata,newNode
Gentianella grandis,newNode
Gentiana detonsa var. paludosa,newNode
Gentiana pulmonaria,newNode
Gentiana cyananthiflora,newNode
Gentiana falcata,newNode
Gentiana henryi,newNode
Gentiana muliensis,newNode
Gentiana polyclada,newNode
Gentiana stellariifolia,newNode
Pterygocalyx,newNode
Gentiana tenella,newNode
Gentiana anomala,newNode
Gentiana arenaria,newNode
Gentiana azurea,newNode
Swertia gentianoides,newNode
Jaeschkea,newNode
Gentiana moorcroftiana,newNode
Gentiana pygmaea,newNode
Gentiana turkestanorum,newNode
Gentiana canaliculata,newNode
Ophelia bimaculata,newNode
Category:Swertia bimaculata,newNode
Ophelia cordata,newNode
Ophelia macrosperma,newNode
Ophelia ciliata,newNode
错别字,newNode
姬苗属,newNode
Menyanthes indica,newNode
Statice chrysocoma,newNode
Statice flexuosa,newNode
Primula rhodochroa var. meiotera,newNode
Category:Primula nutans,newNode
Category:Primula tibetica,newNode
Primula amethystina,newNode
Category:Primula forrestii,newNode
Category:Primula bracteata,newNode
Primula vaginata,newNode
Primula eucyclia,newNode
Category:Primula sinomollis,newNode
Category:Primula denticulata,newNode
Androsace primulina,newNode
Primula muscoides var. tenuiloba,newNode
Category:Primula bellidifolia,newNode
Primula ovalifolia,newNode
Primula petiolaris var. odontocalyx,newNode
Category:Primula beesiana,newNode
Category:Primula miyabeana,newNode
Category:Primula pycnoloba,newNode
Category:Primula florindae,newNode
Category:Primula flaccida,newNode
Category:Primula spicata,newNode
Category:Lysimachia davurica,newNode
Category:Lysimachia vulgaris,newNode
Category:Lysimachia clethroides,newNode
Category:Lysimachia europaea,newNode
Category:Lysimachia arvensis,newNode
Category:Androsace bulleyana,newNode
Androsace aizoon var. integra,newNode
Category:Androsace maxima,newNode
Category:Androsace septentrionalis,newNode
Androsace rigida var. minor,newNode
Androsace strigillosa var. spinulifera,newNode
Androsace sarmentosa var. stenophylla,newNode
Category:Androsace strigillosa,newNode
Androsace rotundifolia var. dissecta,newNode
Androsace rotundifolia var. axillaris,newNode
Cortusa gmelinii,newNode
Acilepis squarrosa,newNode
Aster crenatifolius,newNode
Aster gouldii,newNode
Calimeris tatarica,newNode
Aster boweri,newNode
Aster flaccidus subsp. tsarungensis,newNode
Eurybia,newNode
Category:Aster ageratoides,newNode
Category:Eurybia sibirica,newNode
Diplopappus molliusculus,newNode
Category:Aster amellus,newNode
Diplopappus baccharoides,newNode
Heteropappus sampsonii,newNode
Thach Thao,newNode
Deinocheilos,newNode
Erigeron alpinus var. eriocalyx,newNode
藨寄生属,newNode
Erigeron uniflorus var. oreades,newNode
列当属,newNode
Allocheilos,newNode
Boea birmanica,newNode
Teucrium palmatum,newNode
Category:Teucrium scordium,newNode
Category:Ajuga decumbens,newNode
Category:Scutellaria galericulata,newNode
荆芥属,newNode
Ziziphora pungens,newNode
Betonica laevigata,newNode
Dracocephalum biondianum,newNode
Phyllophyton,newNode
Dracocephalum faberi,newNode
Dracocephalum fargesii,newNode
Dracocephalum pinfaense,newNode
Dracocephalum urticifolium,newNode
乔治·福雷斯特,newNode
Category:Dracocephalum ruyschiana,newNode
Category:Dracocephalum argunense,newNode
Prunella,newNode
Dracocephalum royleanum,newNode
Clinopodium martinicense,newNode
Category:Phlomis fruticosa,newNode
Phlomoides,newNode
Phlomis tuberosa,newNode
Galeobdolon,newNode
Category:Lamium album,newNode
洋红色,newNode
Category:Phlomoides tuberosa,newNode
亚美尼亚苏维埃百科全书,newNode
Category:Leonurus marrubiastrum,newNode
Stachys lamiiflora,newNode
Phlomis marrubioides,newNode
Leonuri Herba,newNode
Phlomis oblongata,newNode
Category:Lamium maculatum,newNode
Category:Leonurus cardiaca,newNode
Moluccella diacanthophyllum,newNode
Lamium foliatum,newNode
Leonurus javanicus,newNode
Betonica officinalis,newNode
Category:Stachys byzantina,newNode
Category:Stachys arvensis,newNode
Lamium kouyangensis,newNode
Category:Stachys officinalis,newNode
Phlomis sagittata,newNode
Teucrium wallichianum,newNode
Ajuga furcata,newNode
Plectranthus patchoulii,newNode
Category:Stachys palustris,newNode
Category:Stachys sylvatica,newNode
Clerodendrum moupinense,newNode
Category:Salvia bulleyana,newNode
Category:Salvia dolichantha,newNode
Category:Salvia nipponica,newNode
美国薄荷属,newNode
大红香蜂草,newNode
唇形科,newNode
Category:Monarda fistulosa,newNode
Orthosiphon debilis,newNode
Category:Melissa,newNode
Calamintha discolor,newNode
Calamintha gracilis,newNode
Category:Melissa officinalis,newNode
薄荷,newNode
Lycopus coreanus,newNode
地笋属,newNode
石荠苎属,newNode
Lycopus diantherus,newNode
Category:Mentha pulegium,newNode
香薷属,newNode
Dysophylla communis,newNode
Aphanochilus pilosus,newNode
Elsholtzia japonica,newNode
Caryopteris ningpoensis,newNode
Caryopteris esquirolii,newNode
Dysophylla falcata,newNode
Plectranthus macranthus,newNode
Plectranthus nudipes,newNode
排香草属,newNode
Lavandula carnosa,newNode
仙草属,newNode
鞘蕊属,newNode
Plectranthus calcaratus,newNode
Plectranthus forskohlii,newNode
仙草,newNode
罗勒族,newNode
Dracocephalum cochinchinensis,newNode
Category:小冠薰属,newNode
Category:Ocimum americanum,newNode
Clerodendranthus,newNode
Coleus wulfenioides,newNode
Plectranthus rubicundus,newNode
Conyza lanceolaria,newNode
Conyza repanda,newNode
Gnaphalium leontopodium var. calocephalum,newNode
Leontopodium alpinum var. pusillum,newNode
Category:Leontopodium jacotianum,newNode
Gnaphalium dedekensii,newNode
Category:Leontopodium japonicum,newNode
Pluchea bulleyana,newNode
Gamochaeta,newNode
Category:Gnaphalium supinum,newNode
Gnaphalium pensylvanicum,newNode
Category:Gamochaeta norvegica,newNode
Category:Inula salicina,newNode
Inula helianthusaquatilis subsp. hupehensis,newNode
Category:Gnaphalium sylvaticum,newNode
Category:Coreopsis tinctoria,newNode
Helichrysum nepalense,newNode
Antennaria triplinervis,newNode
Gnaphalium busuum,newNode
Antennaria contorta,newNode
Gnaphalium margaritaceum,newNode
Category:Anaphalis margaritacea,newNode
Gnaphalium delavayi,newNode
Gnaphalium likiangense,newNode
Artemisia niitakayamensis var. tsugitakaensis,newNode
约翰·弗里德里希·格梅林,newNode
Category:Artemisia pontica,newNode
Category:Artemisia absinthium,newNode
菊科,newNode
Artemisia roxburghiana var. divaricata,newNode
Artemisiae Folium,newNode
Artemisia vulgaris var. verbenacea,newNode
Category:Artemisia vulgaris,newNode
Artemisia vulgaris var. nilagirica,newNode
Artemisia vulgaris var. viridissima,newNode
Artemisia smithii var. speciosa,newNode
Artemisia vulgaris var. stolonifera,newNode
Artemisia moorcroftiana var. viscida,newNode
orthographical variant,newNode
Artemisia salsoloides var. prattii,newNode
Herbert James Walton,newNode
Artemisia campestris var. macilenta,newNode
Chrysanthemum pulvinatum,newNode
菊属,newNode
Tanacetum delavayi,newNode
Chrysanthemum atkinsonii,newNode
Pyrethrum parthenifolium,newNode
除虫菊,newNode
Richteria pyrethroides,newNode
Chrysanthemum richterioides,newNode
Seriphidium,newNode
Artemisia juncea,newNode
Artemisia lehmanniana,newNode
Artemisia aucheri,newNode
Artemisia fedtschenkoana,newNode
Artemisia issykkulensis,newNode
Artemisia kaschgarica,newNode
Artemisia maritima var. thomsoniana,newNode
Artemisia gracilescens,newNode
Artemisia heptapotamica,newNode
Artemisia borotalensis,newNode
Artemisia terrae-albae,newNode
Artemisia grenardii,newNode
Artemisia korovinii,newNode
Artemisia rhodantha,newNode
Artemisia karatavica,newNode
Artemisia santolina,newNode
Artemisia mongolorum,newNode
Artemisia schrenkiana,newNode
Artemisia scopiformis,newNode
Artemisia transiliensis,newNode
Artemisia sublessingiana,newNode
Artemisia amoena,newNode
Artemisia ferganensis,newNode
Pyrethrum crassipes,newNode
Pyrethrum tanacetoides,newNode
Pyrethrum ambiguum,newNode
Matricaria inodora,newNode
Chamaemelum tetragonospermum,newNode
Waldheimia lasiocarpa,newNode
Cnicus verutus,newNode
Carduus vulgaris,newNode
Cnicus fargesii,newNode
Cnicus henryi,newNode
Cnicus souliei,newNode
Cnicus leducei,newNode
Carduus linearis,newNode
Category:Cirsium vulgare,newNode
Cousinia sewertzowii var. leiocephala,newNode
Jurinea wardii,newNode
Serratula arvensis,newNode
Category:Cirsium arvense,newNode
Cnicus lanatus,newNode
Serratula alata,newNode
Cnicus esculentus,newNode
Carduus heterophyllus,newNode
Cnicus sairamensis,newNode
Carduus serratuloides,newNode
Cnicus glabrifolium,newNode
Category:Cirsium heterophyllum,newNode
Cnicus eriophoroides,newNode
Jurinea edulis var. berardioidea,newNode
Jurinea forrestii,newNode
Jurinea georgei,newNode
Jurinea platylepis,newNode
Jurinea salwinensis,newNode
Serratula chaetocarpa,newNode
Serratula multiflora,newNode
Albert von Regel,newNode
Saussurea salicifolia var. chinensis,newNode
Serratula salicifolia,newNode
Serratula salsa,newNode
Liatris baicalensis,newNode
Saussurea acrophila var. oligocephala,newNode
Serratula alpina,newNode
Category:Saussurea alpina,newNode
Saussurea ussuriensis var. mongolica,newNode
Serratula parviflora,newNode
Saussurea elongata var. recurvata,newNode
刺苞术属,newNode
Atractylis carlinoides,newNode
Atractylodis Rhizoma,newNode
Category:Carlina biebersteinii,newNode
Category:Centaurea diffusa,newNode
Centaurea cardunculus,newNode
Category:Serratula coronata,newNode
Category:Echinops setifer,newNode
Category:Echinops sphaerocephalus,newNode
Cissampelopsis,newNode
Category:Echinops ritro,newNode
Senecio buimalia,newNode
Cremanthodium campanulatum var. pinnatisectum,newNode
Senecio helianthus,newNode
Ligularia arnicoides,newNode
Senecio delavayi,newNode
Werneria ellisii,newNode
Ligularia nana,newNode
Senecio nobilis,newNode
Senecio prattii,newNode
Senecio principis,newNode
Arnica japonica,newNode
Category:Ligularia dentata,newNode
Senecio atroviolaceus,newNode
Senecio cymbulifer,newNode
Senecio euryphyllus,newNode
Senecio lapathifolius,newNode
Senecio achyrotrichus,newNode
Cremanthodium cymosum,newNode
Senecio duciformis,newNode
Senecio franchetianus,newNode
Cremanthodium microcephalum,newNode
Senecio phoenicochaetus,newNode
Senecio potaninii,newNode
Senecio purdomii,newNode
Senecio stenoglossus,newNode
Cacalia xanthotricha Grüning (1913),newNode
Senecio yunnanensis,newNode
Senecillis schmidtii,newNode
Senecio vellereus,newNode
Senecio dictyoneurus,newNode
Senecio liatroides,newNode
Cineraria macrophylla,newNode
Senecio melanocephalus,newNode
Cineraria mongolica,newNode
Senecio pleurocaulis,newNode
Senecio virgaureus,newNode
Senecio soongaricus,newNode
Senecio narynensis,newNode
Senecio thomsonii,newNode
Cineraria thyrsoidea,newNode
Category:Senecio pseudoarnica,newNode
Category:Senecio nemorensis,newNode
Doronicum wightii,newNode
Category:Senecio vulgaris,newNode
Senecio cappa,newNode
Gynura hieraciifolia,newNode
Senecio nagensium,newNode
Gynura sinica,newNode
Senecio xantholeucus,newNode
Senecio yakoensis,newNode
Senecio lucorum,newNode
Senecio saluenensis,newNode
Senecio erythropappus,newNode
Senecio solidagineus,newNode
Senecio vaniotii,newNode
Senecio alatus,newNode
Senecio cavaleriei,newNode
Senecio duclouxii,newNode
Senecio fulvipes,newNode
Senecio sciatrephes,newNode
Senecio tetranthus,newNode
Nemosenecio,newNode
Senecio concinnus,newNode
Senecio formosanus,newNode
Senecio incisifolius,newNode
Senecio solenoides,newNode
Senecio hunanensis,newNode
Senecio latouchei,newNode
Senecio phalacrocarpoides,newNode
Senecio phalacrocarpus,newNode
Senecio chienii,newNode
Senecio hainanensis,newNode
Senecio homogyniphyllus,newNode
Senecio bodinieri,newNode
Senecio cyclaminifolius,newNode
Senecio dryas,newNode
Gerbera hederifolia,newNode
Senecio ligularioides,newNode
Senecio subrosulatus,newNode
Senecio trinervius,newNode
Tephroseris,newNode
Othonna palustris,newNode
Senecio phaeanthus,newNode
Senecio pierotii,newNode
Senecio praticola,newNode
Senecio pseudosonchus,newNode
Senecio rufus,newNode
Senecio stolonifer,newNode
Cineraria subdentata,newNode
Senecio taitoensis,newNode
Senecio delphiniphyllus,newNode
Senecio pilgerianus,newNode
Cacalia tripteris,newNode
Cacalia ambigua,newNode
Cacalia kangxianensis Z.Ying Zhang & Y.H.Guo (1983),newNode
Cacalia auriculata,newNode
Senecio deltophyllus,newNode
Cacalia nokoensis,newNode
Cacalia otopteryx Hand.-Mazz. (1936),newNode
Hasteola praetermissa,newNode
Senecio vespertilio,newNode
Cacalia matsudai,newNode
Cacalia bulbiferoides,newNode
Senecio cyclotus,newNode
Cacalia dasythyrsa,newNode
Cacalia lidjiangensis Hand.-Mazz. (1932),newNode
Cacalia longispica,newNode
Senecio petasitoides,newNode
Senecio phyllolepis,newNode
Senecio profundorum,newNode
Prenanthes quinqueloba,newNode
Senecio roborowskii,newNode
Cacalia rockiana,newNode
Senecio rufipilis,newNode
Senecio souliei,newNode
Senecio taliensis,newNode
Cacalia teniana,newNode
Cacalia tsinlingensis,newNode
Cacalia xinjiashanensis Z.Ying Zhang & Y.H.Guo (1983),newNode
Cacalia firma Kom. (1900),newNode
Sinacalia,newNode
Tussilago rubella,newNode
Senecio davidii,newNode
菊苣属,newNode
Podospermum laciniatum var. songoricum,newNode
Scorzonera austriaca var. subacaulis,newNode
Category:婆罗门参属,newNode
Campanula tricuspidata,newNode
Chaerophyllum nemorosum,newNode
Tordylium latifolium,newNode
Caucalis japonica,newNode
Arracacia delavayi,newNode
Category:Turgenia latifolia,newNode
Category:Torilis japonica,newNode
Carum cruciatum,newNode
Carum delicatulum,newNode
Carum molle,newNode
Pimpinella rosthornii,newNode
Carum tanakae,newNode
Carum trichomanifolium,newNode
Carum bupleuroides,newNode
Category:Pternopetalum tanakae,newNode
Ligusticum acutilobum,newNode
Angelicae Radix,newNode
Category:Levisticum officinale,newNode
Soranthus meyeri,newNode
Selinum baicalense,newNode
Angelica dissoluta,newNode
Tetrataenium,newNode
Scandicinae,newNode
Category:Chaerophyllopsis,newNode
楤木属,newNode
Eleutherococcus melanocarpus,newNode
人蔘属,newNode
Aralia quinquefolia var. notoginseng,newNode
Allomorphia cavaleriei,newNode
Circaea lutetiana,newNode
Circaea cordata var. glabrescens,newNode
Category:Oenothera laciniata,newNode
Oenothera biennis var. oakesiana,newNode
Category:Oenothera parviflora,newNode
Clarkia,newNode
柳兰属,newNode
柳叶菜属,newNode
Epilobium amurense,newNode
Category:Oenothera glazioviana,newNode
Epilobium latifolium,newNode
Category:Epilobium anagallidifolium,newNode
Category:Chamerion latifolium,newNode
Category:Epilobium ciliatum,newNode
Category:Epilobium palustre,newNode
Category:Epilobium parviflorum,newNode
小二仙草属,newNode
Category:Epilobium roseum,newNode
Ammannia densiflora,newNode
Category:Lythrum anceps,newNode
秋海棠属,newNode
裂叶秋海棠,newNode
约瑟夫·道尔顿·胡克,newNode
瑞香属,newNode
粟麻属,newNode
Casparya silletensis,newNode
Cactus monacanthos,newNode
Passerina vesiculosa,newNode
Viola uniflora var. orientalis,newNode
花葵属,newNode
Malva trimestris,newNode
Sida,newNode
Melochia cordata,newNode
Category:Sida cordifolia,newNode
苘麻属,newNode
Sida hirta,newNode
Category:Urena lobata,newNode
黄葵属,newNode
木槿属,newNode
Category:Hibiscus trionum,newNode
水塔花属,newNode
Category:Billbergia nutans,newNode
Cathcartia lancifolia,newNode
Category:Meconopsis grandis,newNode
Cathcartia integrifolia,newNode
Cathcartia smithiana,newNode
Cathcartia lyrata,newNode
裂叶罂粟属,newNode
Chelidonium hybridum,newNode
荷包牡丹属,newNode
Chelidonium lasiocarpum,newNode
Chelidonium sutchuenense,newNode
Chelidonium japonicum,newNode
Bocconia microcarpa,newNode
Category:Macleaya microcarpa,newNode
Corydalis tibetica var. pachypoda,newNode
Corydalis pauciflora var. alaschanica,newNode
Category:Pseudofumaria lutea,newNode
Fumaria sibirica,newNode
Fumaria schanginii,newNode
球果紫堇属,newNode
Category:Fumaria vaillantii,newNode
Cardamine nivalis,newNode
芸薹属,newNode
Sisymbrium murale,newNode
silicle,newNode
Category:Diplotaxis muralis,newNode
garden cress,newNode
Category:Lepidium cartilagineum,newNode
Category:Lepidium latifolium,newNode
Category:Lepidium sativum,newNode
Category:Lepidium didymum,newNode
Category:Lepidium draba,newNode
厚翅荠属,newNode
Category:Lepidium ruderale,newNode
遏蓝菜属,newNode
Biscutella megalocarpa,newNode
Noccaea,newNode
Hornungia,newNode
Lepidium procumbens,newNode
假山葵,newNode
Category:Cochlearia officinalis,newNode
Draba alpina var. involucrata,newNode
Lepidium sibiricum,newNode
Draba hirta var. parviflora,newNode
Nasturtium henryi,newNode
鸟头荠属,newNode
Myagrum paniculatum,newNode
Vella tenuissima,newNode
Anastatica syriaca,newNode
Category:Neslia paniculata,newNode
Clypeola alyssoides,newNode
Alyssum canescens,newNode
Category:Bunias orientalis,newNode
Category:Alyssum alyssoides,newNode
Category:Cardamine flexuosa,newNode
Cardamine multijuga var. gracilis,newNode
Category:Cardamine impatiens,newNode
Erysimum violaceum,newNode
Turritis glabra,newNode
Camelina barbareifolia,newNode
Ricotia cantoniensis,newNode
Nasturtium globosum,newNode
豆瓣菜属,newNode
花旗竿属,newNode
Sisymbrium islandicum,newNode
Sisymbrium sylvestre,newNode
无茎荠属,newNode
Category:Rorippa sylvestris,newNode
Category:Arabis alpina,newNode
Turritis hirsuta,newNode
Category:Arabis hirsuta,newNode
Turritis sagittata,newNode
Cardamine nudicaulis,newNode
Hesperis africana,newNode
Dontostemon scorpioides,newNode
Category:Hesperis matronalis,newNode
Category:Malcolmia africana,newNode
Raphanus laevigatus,newNode
Streptanthus bracteatus,newNode
Category:Erysimum cheiranthoides,newNode
紫罗兰属,newNode
Erysimum quadricorne,newNode
Raphanus sibiricus,newNode
Raphanus tenellus,newNode
柏蕾荠属,newNode
Category:Chorispora tenella,newNode
无隔芥属,newNode
羽裂荠属,newNode
Myagrum sativum,newNode
Sisymbrium sophioides,newNode
Sisymbrium album,newNode
Hutchinsia bifurcata,newNode
Reseda,newNode
Category:Camelina sativa,newNode
Hutchinsia sisymbrioides,newNode
Lepidium calycinum,newNode
Category:Erysimum odoratum,newNode
Arabis petiolata,newNode
Braya heterophylla,newNode
Category:Alliaria petiolata,newNode
Cochlearia integrifolia,newNode
Wasabia tenuis,newNode
Nasturtium tenue,newNode
dye plant,newNode
Sisymbrium maximowiczii,newNode
Oligomeris,newNode
苏铁属,newNode
Reseda linifolia,newNode
Sparganium,newNode
weld,newNode
Category:Cycas rumphii,newNode
Category:Typha domingensis,newNode
Category:Pandanus amaryllifolius,newNode
Category:Reseda luteola,newNode
Category:Sparganium angustifolium,newNode
Category:Sparganium natans,newNode
Category:Potamogeton acutifolius,newNode
Category:Potamogeton lucens,newNode
Category:Ruppia maritima,newNode
Vallisneria octandra,newNode
Caulinia ovalis,newNode
霉草属,newNode
Nothoperanema,newNode
Nephrodium shikokianum,newNode
Acrorumohra,newNode
Leptorumohra,newNode
Arachniodes,newNode
Nephrodium diffractum,newNode
Dryopteris subreflexipinna,newNode
Rumohra sinomiqueliana,newNode
Rumohra grossa,newNode
Lastrea coniifolia,newNode
Polystichum henryi,newNode
Polystichum nigrospinosum,newNode
Polystichum pseudoaristatum,newNode
Rumohra spectabilis,newNode
Polystichum nipponicum,newNode
Rumohra simulans,newNode
Arachniodes caudata var. kansuensis,newNode
Aspidium speciosum,newNode
Rumohra amoena,newNode
Rumohra tonkinensis,newNode
Polystichum globisorum,newNode
Phanerophlebiopsis,newNode
Dryopteris sphaerosora,newNode
Lithostegia,newNode
Dryopteris neopodophyllum,newNode
Category:Bromus erectus,newNode
Category:Bromus madritensis,newNode
Category:Bromus sterilis,newNode
Category:Bromus tectorum,newNode
Arundo festucacea,newNode
Category:Glyceria notata,newNode
Category:Melica ciliata,newNode
Catabrosella,newNode
硷茅属,newNode
Poa ladakhensis,newNode
Poa nudiflora,newNode
Glyceria thomsonii,newNode
Poa angustata,newNode
Puccinellia distans var. micrandra,newNode
Glyceria tenella,newNode
Puccinellia tenuiflora subsp. tianschanica,newNode
Poa convoluta,newNode
Poa festuciformis,newNode
Festuca poecilantha,newNode
Category:Eremopoa,newNode
Category:Poa alpina,newNode
Aira spiciformis,newNode
Poa macrocalyx var. tianschanica,newNode
Category:Poa chaixii,newNode
Category:Poa compressa,newNode
Category:Poa trivialis,newNode
Festuca diversifolia,newNode
Poa macrocalyx var. sachalinensis,newNode
Poa annua var. nepalensis,newNode
Poa annua var. sikkimensis,newNode
Poa nemoralis var. mongolica,newNode
Category:Poa palustris,newNode
Category:Zizania aquatica,newNode
Timouria,newNode
Orthoraphium,newNode
Arundo villosa,newNode
Calamagrostis pappophorea,newNode
Agrostis latifolia,newNode
Category:Phleum alpinum,newNode
Category:Agrostis gigantea,newNode
Calamagrostis holciformis,newNode
Calamagrostis moupinensis,newNode
Calamagrostis filifolia,newNode
Calamagrostis tianschanica,newNode
Muhlenbergia erecta,newNode
Anisachne,newNode
燕麦属,newNode
Avena clarkei,newNode
Trisetum sibiricum var. umbratile,newNode
批碱草属,newNode
Triticum farctum,newNode
Category:Pascopyrum,newNode
山羊草属,newNode
Hordeum kronenburgii,newNode
赖草属,newNode
Elymus lanuginosus,newNode
Elymus angustus,newNode
Elymus mollis,newNode
Elymus multicaulis,newNode
Elymus paboanus,newNode
萏雷草属,newNode
钝叶草属,newNode
Category:Leymus mollis,newNode
Rottboellia repens,newNode
Aegilops incurva,newNode
Ischaemum involutum,newNode
Panicum punctatum,newNode
Panicum palmifolium,newNode
Panicum verticillatum,newNode
Paspalum bicorne,newNode
Category:Setaria verticillata,newNode
Paspalum heteranthum,newNode
Panicum radicosum,newNode
Panicum abludens,newNode
Paspalum longiflorum,newNode
Paspalum mollicomum,newNode
Cynodon ternatus,newNode
Panicum thwaitesii,newNode
Philibert Commerson,newNode
Agrostis procera,newNode
Panicum ramosum,newNode
Panicum munroanum,newNode
Setiacis,newNode
Panicum interruptum,newNode
Panicum oxyphyllum,newNode
Panicum simpliciusculum,newNode
Panicum bengalense,newNode
Panicum decempedale,newNode
虱子草属,newNode
Cenchrus racemosus,newNode
Category:Tragus racemosus,newNode
Muhlenbergia ramosa var. curviaristata,newNode
Muhlenbergia japonica var. hakonensis,newNode
Muhlenbergia japonica var. ramosa,newNode
真穗草属,newNode
狗牙根属,newNode
虎尾草属,newNode
Schoenus aculeatus,newNode
Phleum schoenoides,newNode
Agrostis virginica,newNode
Chloris unispicea,newNode
格兰马草属,newNode
Chloris barbata var. formosana,newNode
Chloris curtipendula,newNode
Dactylis spicata,newNode
Category:Bouteloua curtipendula,newNode
Eragrostis lolioides,newNode
Eleusine racemosa,newNode
Category:Dinebra,newNode
画眉草属,newNode
薏苡属,newNode
Poa unioloides,newNode
多裔黍属,newNode
Apluda digitata,newNode
Rottboellia mollicoma,newNode
牛鞭草属,newNode
黄茅属,newNode
Andropogon lancifolius,newNode
Andropogon microphyllus,newNode
Andropogon castratus,newNode
香茅,newNode
Rottboellia sanguinea,newNode
Andropogon citratus,newNode
Andropogon goeringii,newNode
Andropogon flexuosus,newNode
Andropogon nardus var. khasianus,newNode
lemon grass oil,newNode
Andropogon nardus var. microstachys,newNode
Andropogon nardus,newNode
Category:Cymbopogon citratus,newNode
Andropogon martini,newNode
Rottboellia anthephoroides,newNode
Spodiopogon aureus,newNode
Eremopogon,newNode
Holcus pertusus,newNode
Andropogon aristatus,newNode
Andropogon caricosus,newNode
筒穗草属,newNode
Category:Vetiveria,newNode
金茅属,newNode
Saccharum paniceum,newNode
Andropogon leschenaultianus,newNode
Erianthus mollis,newNode
Eulalia splendens,newNode
蔗茅属,newNode
Erianthus,newNode
Diandranthus,newNode
Andropogon ravennae,newNode
Category:Saccharum ravennae,newNode
Thoracostachyum,newNode
Torulinium,newNode
Courtoisia,newNode
省藤属,newNode
Calla calyptrata,newNode
花叶芋属,newNode
芋属,newNode
Gonatanthus griffithii,newNode
Gonatanthus ornatus,newNode
蔓绿绒属,newNode
魔芋属,newNode
Caladium giganteum,newNode
Category:Colocasia gigantea,newNode
Category:Amorphophallus bulbifer,newNode
Arum flagelliforme,newNode
Arum nepenthoides,newNode
Arum flavum,newNode
阿德里安·勒内·弗朗谢,newNode
Arum ringens,newNode
Category:Arisaema ringens,newNode
Arum tortuosum,newNode
Arum costatum,newNode
人类群组,newNode
中国神话,newNode
Arum speciosum,newNode
Category:八仙,newNode
Typhonium brevipes,newNode
张果老,newNode
锺离权,newNode
蓝采和,newNode
金刚大属,newNode
吕洞宾,newNode
何仙姑,newNode
韩湘子,newNode
Juncus parviflorus,newNode
Juncus spicatus,newNode
曹国舅,newNode
铁拐李,newNode
Category:Juncus inflexus,newNode
Category:Juncus ranarius,newNode
Category:Juncus filiformis,newNode
藜芦属,newNode
data deficient,newNode
Category:Juncus compressus,newNode
Veratrum album var. grandiflorum,newNode
Category:Juncus bufonius,newNode
Category:Juncus tenuis,newNode
油点草属,newNode
异蕊草属,newNode
Category:Tricyrtis formosana,newNode
玉簪,newNode
Category:Juncus articulatus,newNode
Pontederia hastata,newNode
Category:Commelina virginica,newNode
岩菖蒲属,newNode
Category:Commelina diffusa,newNode
Peliosanthes stenophylla,newNode
重楼,newNode
黄精属,newNode
Category:Asparagus densiflorus,newNode
Asparagus filicinus var. lycopodineus,newNode
Smilacina,newNode
Campylandra,newNode
鸢尾属,newNode
Category:Iris clarkei,newNode
番红花属,newNode
Category:Crocus alatavicus,newNode
薯蓣属,newNode
夏须草属,newNode
Category:Iris chrysographes,newNode
Category:Burmannia wallichii,newNode
苳叶属,newNode
Donax,newNode
Thalia canniformis,newNode
姜花属,newNode
Category:Kaempferia rotunda,newNode
兰花蕉科,newNode
手参属,newNode
Stigmatodactylus,newNode
铠兰属,newNode
线柱兰属,newNode
钳喙兰属,newNode
石仙桃属,newNode
足杜兰属,newNode
Coelogyne convallariae,newNode
Category:Dendrochilum uncatum,newNode
Coelogyne uniflora,newNode
Coelogyne grandiflora,newNode
Category:Pleione limprichtii,newNode
Pogonia pleionoides,newNode
Coelogyne maculata,newNode
Epidendrum praecox,newNode
金唇兰属,newNode
Category:Pleione praecox,newNode
Category:Diglyphosa latifolia,newNode
羊耳蒜属,newNode
Epidendrum cespitosum,newNode
Acianthus petiolatus,newNode
Didymoplexiella,newNode
Satyrium epipogium,newNode
Category:Epipogium aphyllum,newNode
Pogonia fordii,newNode
Erythrorchis,newNode
山珊瑚属,newNode
Pogonia mackinnonii,newNode
Pogonia japonica var. minor,newNode
Cyrtosia altissima,newNode
Cyrtosia,newNode
香荚兰属,newNode
Pennilabium,newNode
Parapteroceras,newNode
Galeola nana,newNode
Galeola septentrionalis,newNode
Pteroceras elobe,newNode
Grosourdya,newNode
Category:Cyrtosia septentrionalis,newNode
Vanda amesiana,newNode
Aerides flavescens,newNode
Holcoglossum kimballianum var. lingulatum,newNode
Vanda kimballiana,newNode
Vanda rupestris,newNode
钗子股属,newNode
Vanda subulifolia,newNode
Sedirea,newNode
微花兰属,newNode
蝴蝶兰属,newNode
Category:Holcoglossum kimballianum,newNode
Epidendrum teres,newNode
Hygrochilus subparishii,newNode
Category:Phalaenopsis equestris,newNode
Aerides biswasiana,newNode
Cleisostoma spathulatum,newNode
Vanda gigantea,newNode
Luisia alpina,newNode
Category:Rhynchostylis gigantea,newNode
Category:Vanda alpina,newNode
Category:Vanda coerulea,newNode
Category:Vanda concolor,newNode
Category:Phalaenopsis deliciosa,newNode
Ascochilus annamensis,newNode
Sarcochilus formosanus,newNode
Sarcochilus japonicus,newNode
Sarcochilus merguensis,newNode
Sarcochilus saruwatarii,newNode
Sarcoglyphis,newNode
Staurochilus,newNode
Sarcochilus trichoglottis,newNode
Category:Cleisostoma parishii,newNode
船唇兰属,newNode
Smitinandia,newNode
脆兰属,newNode
Saccolabium triflorum,newNode
Saccolabium tixieri,newNode
Saccolabium micranthum,newNode
Category:Renanthera imschootiana,newNode
Epidendrum praemorsum,newNode
Aerides rigida,newNode
假万带兰属,newNode
Aeridinae,newNode
Vanda undulata,newNode
Doritis pulcherrima,newNode
Category:Nothodoritis,newNode
Category:Phalaenopsis pulcherrima,newNode
Ione andersonii,newNode
Ione candida,newNode
Ione intermedia,newNode
Acrochaene rimannii,newNode
Ione soidaoensis,newNode
Ione thailandica,newNode
Epigeneium amplum,newNode
金石斛属,newNode
Category:Dendrobium aduncum,newNode
Category:Dendrobium hercoglossum,newNode
Category:Dendrobium jenkinsii,newNode
Category:Dendrobium lindleyi,newNode
Limodorum aphyllum,newNode
Category:Dendrobium aphyllum,newNode
Category:Dendrobium chrysanthum,newNode
Category:Dendrobium hookerianum,newNode
Category:Dendrobium loddigesii,newNode
Category:Dendrobium heterocarpum,newNode
Epidendrum moniliforme,newNode
Epidendrum moschatum,newNode
Category:Dendrobium pendulum,newNode
Category:Dendrobium parishii,newNode
Category:Dendrobium fimbriatum,newNode
Category:Dendrobium moniliforme,newNode
Category:Dendrobium moschatum,newNode
Category:Dendrobium bellatulum,newNode
Category:Dendrobium trigonopus,newNode
Coelogyne coronaria,newNode
Category:Chloranthus oldhamii,newNode
Boehmeria puya,newNode
Elatostema ficoides var. brachyodontum,newNode
Procris cyrtandrifolia,newNode
Procris rupestris,newNode
Elatostema subtrichotomum var. hirtellum,newNode
Pellionia myrtillus,newNode
Elatostema incisoserratum,newNode
Elatostema paucidentatum,newNode
Procris peduncularis,newNode
Urtica diversifolia,newNode
红小麻属,newNode
Urtica bulbifera,newNode
Girardinia cuspidata,newNode
荨麻,newNode
双柱蛇菰属,newNode
马兜铃属,newNode
细辛属,newNode
Category:Asarum caulescens,newNode
Category:Asarum maximum,newNode
Heterotropa splendens,newNode
Isotrema transsectum,newNode
鳞叶寄生木属,newNode
大黄属,newNode
Category:Rheum tibeticum,newNode
Rhei Rhizoma,newNode
Category:Rheum palmatum,newNode
Category:Rheum undulatum,newNode
Category:Rheum webbianum,newNode
Category:Rumex thyrsiflorus,newNode
Category:Rumex acetosella,newNode
Category:Rumex longifolius,newNode
Category:Rumex crispus,newNode
Category:Rumex obtusifolius,newNode
Category:Rumex patientia,newNode
山寥属,newNode
荞麦属,newNode
Štavalj,newNode
Rumex digynus,newNode
Polygonum caudatum,newNode
Polygonum gilesii,newNode
Category:Oxyria digyna,newNode
Polygonum gracilipes,newNode
Polygonum statice,newNode
Polygonum lineare,newNode
Polygonum urophyllum,newNode
Polygonum polymorphum var. ajanense,newNode
Polygonum alpinum,newNode
Category:Koenigia alpina,newNode
Bistorta,newNode
Persicaria bistorta,newNode
Bistorta milletii,newNode
Bistorta affinis,newNode
拳参,newNode
Persicaria affinis,newNode
Persicaria vivipara,newNode
Koenigia fertilis,newNode
Polygonum viviparum,newNode
Category:Bistorta vivipara,newNode
Truellum praetermissum,newNode
Persicaria senticosa,newNode
Truellum strigosum,newNode
Persicaria,newNode
Polygonum arifolium var. perfoliatum,newNode
Persicaria praetermissa,newNode
Truellum senticosum,newNode
Persicaria strigosa,newNode
Persicaria thunbergii,newNode
Polygonum nodosum,newNode
Truellum thunbergii,newNode
早苗蓼,newNode
Category:Alternanthera caracasana,newNode
盐爪爪属,newNode
Category:Persicaria longiseta,newNode
Acroglochin obtusifolia,newNode
Salicornia caspica,newNode
Atriplex sect. Teutliopsis,newNode
Lecanocarpus cauliflorus,newNode
Halimione,newNode
Atriplex heterosperma,newNode
Atriplex johnstonii,newNode
Amaranthus cauliflorus,newNode
Atriplex asphaltitis,newNode
Amaranthus persicarioides,newNode
Category:Atriplex nummularia,newNode
藜属,newNode
Chenopodiastrum sect. Grossefoveata,newNode
Grubovia,newNode
Suaeda sect. Brezia,newNode
Suaeda sect. Salsina,newNode
Schoberia corniculata,newNode
Chenopodium moquinianum,newNode
Schoberia dendroides,newNode
Suaeda sect. Schoberia,newNode
碱蓬属,newNode
Kochia dasyphylla,newNode
Chenopodium amaranticolor,newNode
Suaeda lipskyi,newNode
Schoberia acuminata,newNode
Schoberia pterantha,newNode
梭梭,newNode
Pyankovia,newNode
Climacoptera,newNode
Climacoptera brachiata,newNode
Nitrosalsola,newNode
Anabasis foliosa,newNode
Caroxylon nitrarium,newNode
Salsola heliaramiae,newNode
Category:Salsola komarovii,newNode
Achyranthes sanguinolenta,newNode
Commicarpus,newNode
Category:Salsola soda,newNode
Gisekia,newNode
马齿苋属,newNode
Category:Boerhavia diffusa,newNode
Pokeweed mitogen,newNode
牛漆姑草属,newNode
Arenaria diandra,newNode
Arenaria media,newNode
荷莲豆属,newNode
Category:Herniaria glabra,newNode
Category:Spergula arvensis,newNode
Alsine prostrata,newNode
Category:Spergularia media,newNode
Stellaria cerastoides,newNode
Category:Cerastium fontanum,newNode
Category:Cerastium cerastoides,newNode
Arenaria cherleriae,newNode
柔籽草属,newNode
入侵物种,newNode
Arenaria umbrosa,newNode
Oxybaphus,newNode
卫矛属,newNode
维基媒体消歧义页,newNode
酢浆草属,newNode
玻璃苣属,newNode
黄芪,newNode
Hemlock,newNode
Category:Oxalis pes-caprae,newNode
蓝色,newNode
斯坦福·莱佛士,newNode
Category:Silene vulgaris,newNode
Category:大花草属,newNode
borage seed oil,newNode
乌头属,newNode
Category:Borago officinalis,newNode
君子兰,newNode
猪笼草,newNode
Category:Nepenthes campanulata,newNode
Category:Nepenthes burbidgeae,newNode
睡莲属,newNode
Xerophyllum,newNode
鬼灯檠属,newNode
Category:Cuphea hyssopifolia,newNode
Helonias tenax,newNode
Category:Nymphaea nouchali,newNode
Category:Xerophyllum tenax,newNode
蓍属,newNode
茅膏菜属,newNode
瓶子草属,newNode
Category:Lilium speciosum,newNode
Category:Sarracenia purpurea,newNode
食物,newNode
水马齿科,newNode
药用植物,newNode
Category:Achillea millefolium,newNode
坚果,newNode
Category:Potamogeton natans,newNode
Category:Callitriche palustris,newNode
Category:Cyperus papyrus,newNode
Category:Sarracenia flava,newNode
猪屎豆属,newNode
Isopyrum cavaleriei,newNode
三叶草属,newNode
Category:Trifolium campestre,newNode
Lloydia serotina,newNode
Bulbocodium serotinum,newNode
Isopyrum auriculatum,newNode
Category:Gagea serotina,newNode
Salomonia,newNode
Urtica angulata,newNode
Category:Euphorbia esula,newNode
Urtica pumila,newNode
Parietaria microphylla,newNode
侧金盏花属,newNode
nettle fiber,newNode
Category:Pilea pumila,newNode
Category:Pilea microphylla,newNode
Corydalis balfouriana var. pseudoadoxa,newNode
Category:Urtica urens,newNode
Adonis turkestanica var. tianschanica,newNode
Stenoloma,newNode
Category:Adonis aestivalis,newNode
Geranium peltatum,newNode
叶下珠属,newNode
Category:Pelargonium peltatum,newNode
Category:Meconopsis betonicifolia,newNode
梅花草属,newNode
腺毛草属,newNode
Potentilla fruticosa var. mandshurica,newNode
Category:Byblis aquatica,newNode
Category:Byblis gigantea,newNode
Category:Nepenthes ampullaria,newNode
Leontodon leucanthus,newNode
Category:Potentilla supina,newNode
Leontodon dissectus,newNode
Leontodon bessarabicus,newNode
比萨拉比亚,newNode
Leontodon eriopodus,newNode
Agrimonia eupatoria,newNode
Geum elatum,newNode
Geum,newNode
Comarum palustre,newNode
Fragaria chrysantha,newNode
Category:Euphorbia wallichii,newNode
Category:Comarum palustre,newNode
Spiraea ulmaria,newNode
Spiraea vestita,newNode
Category:Filipendula ulmaria,newNode
Spiraea angustiloba,newNode
Aptenia,newNode
Category:Geum aleppicum,newNode
Dalibarda ternata,newNode
Mesembryanthemum cordifolium,newNode
Category:Waldsteinia ternata,newNode
Category:Aptenia cordifolia,newNode
Category:Geum rivale,newNode
Category:Drosera indica,newNode
Ophrys nervosa,newNode
Artemisia brevifolia,newNode
Category:Pinguicula vulgaris,newNode
Category:Liparis nervosa,newNode
Urtica glaberrima,newNode
Category:Potentilla alchemilloides,newNode
Procris racemosa,newNode
羊膜草属,newNode
Category:Potentilla recta,newNode
Crepis henryi,newNode
Boehmeria martinii,newNode
Crepis heterophylla,newNode
Crepis longipes,newNode
Crepis paleacea,newNode
Hemerocallis lilioasphodelus var. fulvus,newNode
绣球花,newNode
Category:Hemerocallis fulva,newNode
Crepis pratti,newNode
Crepis rosthornii,newNode
樱井草属,newNode
Category:Campylandra chinensis,newNode
Phlomis aspera,newNode
Barleria pyramidata,newNode
Ranunculus kauffmanii,newNode
金莲花属,newNode
毛茛属,newNode
Category:Trollius altaicus,newNode
Spinacia fera,newNode
唐松草属,newNode
Trollius pumilus var. yunnanensis,newNode
Chrysanthemum remotipinnum,newNode
Astragalus immersus,newNode
槐蓝属,newNode
Category:Paeonia anomala,newNode
Cimicifuga calthifolia,newNode
篮堇草属,newNode
Isopyrum fumarioides,newNode
胡枝子属,newNode
Category:Thalictrum flavum,newNode
Delphinium denudatum var. yunnanense,newNode
Kochia arenaria,newNode
Salsola laniflora,newNode
Kochia laniflora,newNode
Category:Bassia laniflora,newNode
Ervum tetraspermum,newNode
Category:Vicia tetrasperma,newNode
Salicornia pygmaea,newNode
Orobus ramuliflorus,newNode
Orobus venosus,newNode
Category:Vicia sativa,newNode
Category:Ranunculus arvensis,newNode
Category:Vicia pannonica,newNode
Hedysarum linifolium,newNode
Ranunculus hirtellus var. glabricaulis,newNode
红景天属,newNode
Sedum atuntsuense,newNode
地构叶属,newNode
金合欢,newNode
Mimosa pennata,newNode
Sedum himalense,newNode
Category:Delphinium elatum,newNode
Sedum nobile,newNode
Category:Trifolium dubium,newNode
排钱草属,newNode
木贼属,newNode
Hedysarum elegans,newNode
Category:Equisetum pratense,newNode
大陆,newNode
Category:Urtica dioica,newNode
Heteracia,newNode
辣椒,newNode
香豌豆属,newNode
Category:Lathyrus latifolius,newNode
Commelina cristata,newNode
Chamaegastrodia,newNode
羽扇豆属,newNode
Haplophyllum,newNode
Category:Lupinus polyphyllus,newNode
Ruta albiflora,newNode
Peganum dauricum,newNode
虎耳草属,newNode
Lactuca gombalana,newNode
Category:Trifolium alexandrinum,newNode
Sibbaldia purpurea,newNode
黎豆属,newNode
Dorotheanthus,newNode
科,newNode
Dorotheanthus ulularis,newNode
Capparales,newNode
Rhoeadales,newNode
含羞草属,newNode
Parietales,newNode
黑药花科,newNode
Category:Chionographis,newNode
Potentilla micropetala,newNode
Category:山柑科,newNode
Category:Sibbaldia procumbens,newNode
Paspalum jubatum,newNode
Sedum primuloides,newNode
Sibbaldianthe sericea,newNode
Anemone henryi,newNode
卷柏,newNode
Category:Crepis sibirica,newNode
灰叶属,newNode
Category:Equisetum variegatum,newNode
Senecio tanguticus,newNode
观音座莲属,newNode
Category:Sinacalia tangutica,newNode
芭蕉属,newNode
堇菜目,newNode
Category:Musa acuminata,newNode
Podophyllum majoense,newNode
Chrysanthemum fruticulosum,newNode
Lychnis atsaensis,newNode
Hieracium croceum,newNode
罗勒,newNode
Tamaricales,newNode
Lactuca lignea,newNode
Podophyllum veitchii,newNode
石竹目,newNode
Category:Frankeniaceae,newNode
Category:Rubus arcticus,newNode
Senecio veitchianus,newNode
Lactuca napifera,newNode
Hieracium molle,newNode
Neottopteris,newNode
Category:Crepis mollis,newNode
Actaea cimicifuga var. simplex,newNode
Cimicifugae Rhizoma,newNode
Ptarmica acuminata,newNode
Stellaria biflora,newNode
Arenaria verna,newNode
Peganum harmala var. multisectum,newNode
Urtica scabrella,newNode
鹿霍属,newNode
Convallaria verticillata,newNode
Category:Polygonatum involucratum,newNode
紫苏,newNode
Chesniella,newNode
Category:Polygonatum verticillatum,newNode
岩黄蓍属,newNode
Podocarpium,newNode
Desmodium duclouxii,newNode
Hedysarum repandum,newNode
Desmodium podocarpum,newNode
Mimosa plena,newNode
Dolichos,newNode
赛刍豆属,newNode
Phaseolus atropurpureus,newNode
Category:Neptunia plena,newNode
白莲蒿,newNode
Category:Macroptilium atropurpureum,newNode
Category:Allium victorialis,newNode
Category:Anthemis arvensis,newNode
Gomphostemma intermedium,newNode
Plectranthus cardiophyllus,newNode
Ceratocephalus,newNode
Dracocephalum radicans,newNode
Category:Mazus miquelii,newNode
Gerardia glutinosa,newNode
Stachys sieboldii,newNode
布烈氏黄芩,newNode
Scutellaria ikonnikovii,newNode
Cassia sophera,newNode
长筒石蒜,newNode
Arisaematis Tuber,newNode
Hedysarum obcordatum,newNode
雀脷珠属,newNode
Arum erubescens,newNode
Arum echinatum,newNode
Isopyrum dalzielii,newNode
Isopyrum fargesii,newNode
Isopyrum franchetii,newNode
Metanemone,newNode
糙苏,newNode
Caulokaempferia,newNode
Roscoea gracilis,newNode
Roscoea spicata,newNode
云南草蔻,newNode
round China cardamom,newNode
Gypsophila alpina,newNode
Vitis glandulosa,newNode
短瓣石竹属,newNode
阿尔卑斯山,newNode
Alsine media,newNode
Category:Stellaria monosperma,newNode
Cerastium arisanense,newNode
钩豆属,newNode
Brachystemma ovatifolium,newNode
Glycine labialis,newNode
Category:Stellaria media,newNode
Gypsophila fastigiata var. cephalotes,newNode
Category:Lathyrus sativus,newNode
Category:Gypsophila oldhamiana,newNode
Category:Gypsophila paniculata,newNode
Category:Gypsophila cerastioides,newNode
Arenaria sericea,newNode
Cucubalus baccifer,newNode
Category:Gypsophila muralis,newNode
Category:Silene baccifera,newNode
Category:Viola elatior,newNode
Category:Viola odorata,newNode
Parietaria zeylanica,newNode
刀豆属,newNode
Sinodolichos,newNode
Dolichos ensiformis,newNode
Glycine koordersii,newNode
Dolichos lagopus,newNode
田菁属,newNode
Category:Canavalia ensiformis,newNode
Orobus humilis,newNode
Category:Lathyrus pratensis,newNode
Cylindrokelupha,newNode
红豆草,newNode
红色,newNode
Category:Lathyrus tuberosus,newNode
Category:Galega officinalis,newNode
Category:Lathyrus palustris,newNode
Urtica interrupta,newNode
Category:Lathyrus odoratus,newNode
Aeschynomene bispinosa,newNode
Aeschynomene sesban,newNode
Robinia grandiflora,newNode
Category:Sesbania grandiflora,newNode
Category:Alisma lanceolatum,newNode
香草植物,newNode
Category:Lotus tenuis,newNode
Category:Tetragonolobus purpureus,newNode
Lotus corniculatus var. alpinus,newNode
Category:Liquorice,newNode
Cleisostoma dawsonianum,newNode
苜蓿,newNode
Medicago polymorpha var. arabica,newNode
Medicago polymorpha var. minima,newNode
Category:Medicago arabica,newNode
Category:Medicago praecox,newNode
Cracca purpurea,newNode
Galega pumila,newNode
小冠花属,newNode
Mimosa virgata,newNode
Category:Desmanthus virgatus,newNode
Category:Trigonella caerulea,newNode
Category:Urtica cannabina,newNode
Phaca frigida,newNode
Category:Acroceras,newNode
Panicum semialatum,newNode
Aconitum atropurpureum,newNode
山苏,newNode
Campanula pereskiifolia,newNode
Category:Asplenium fontanum,newNode
Astragalus altaicus,newNode
Astragalus pilosus,newNode
Category:Oxytropis pilosa,newNode
Phaca muricata,newNode
Phaca myriophylla,newNode
豇豆属,newNode
Dolichos trilobatus,newNode
Phaseolus riukiuensis,newNode
Phaseolus marinus,newNode
Dolichos luteolus,newNode
Category:Vigna marina,newNode
蒲桃属,newNode
Eugenia tetragona,newNode
Lactuca pseudosenecio,newNode
Adenophora leptosepala,newNode
Adenophora alpina,newNode
冰草,newNode
Chrysanthemum variifolium,newNode
Tanacetum quercifolium,newNode
Tanacetum scharnhorstii,newNode
Scirpus ciliaris,newNode
黄蜀葵,newNode
Category:Astragalus alopecurus,newNode
Hibiscus pungens,newNode
Geum macrosepalum,newNode
Galega dahurica,newNode
Category:Astragalus danicus,newNode
Category:Galinsoga quadriradiata,newNode
Viola pinnata var. chaerophylloides,newNode
Tanacetum adenanthum,newNode
Circaea micrantha,newNode
Circaea alpina var. caulescens,newNode
Chrysosplenium alternifolium var. chinense,newNode
Tanacetum potaninii,newNode
Tanacetum nubigenum,newNode
Chrysanthemum nematolobum,newNode
Tanacetum khartense,newNode
Artemisia fastigiata,newNode
Tanacetum elegantulum,newNode
Amomum roseum,newNode
大渡乌头,newNode
Acrostichum septentrionale,newNode
Category:Dendrobium brymerianum,newNode
Category:Asplenium septentrionale,newNode
Aphanochilus eriostachyus,newNode
Ocimum scabrum,newNode
Scabiosa bretschneideri,newNode
Evolvulus emarginatus,newNode
Ipomoea hungaiensis,newNode
Arenaria trinervia,newNode
Ornithogalum triflorum,newNode
Category:Moehringia trinervia,newNode
Commelina edulis,newNode
鸢尾蒜,newNode
Category:Erythronium sibiricum,newNode
Seseli iliense,newNode
Pimpinella dunnii,newNode
Peucedanum transiliense,newNode
Peristylus monanthus,newNode
Chamaepericlymenum,newNode
Molinia squarrosa,newNode
Seseli tachiroei,newNode
