entity,relation,value
黄精叶钩吻,治疗,跌打损伤
香港算盘子,治疗,咳嗽
香港算盘子,治疗,肝炎
香港算盘子,治疗,腹痛
香港算盘子,治疗,衄血
香港算盘子,治疗,跌打损伤
金黄侧金盏花,治疗,心悸
金黄侧金盏花,治疗,充血性心力衰弱
金鸡纳树,治疗,疟疾
金鸡纳树,治疗,疮疽
金鸡纳树,治疗,皮炎
金鸡纳树,治疗,皮癣
吴兴铁线莲,治疗,深部浓肿
吴兴铁线莲,治疗,风湿性关节炎
吴兴铁线莲,治疗,脑瘤
吴兴铁线莲,治疗,淋巴结核
金锦香,治疗,痈疮肿毒
马蹄金,治疗,黄疸型肝炎
马蹄金,治疗,胆囊炎
马蹄金,治疗,肾炎
马蹄金,治疗,泌尿系感染
马蹄金,治疗,扁桃腺炎
马蹄金,治疗,口腔炎
马蹄金,治疗,毒蛇咬伤
马蹄金,治疗,乳痈
马蹄金,治疗,痢疾
马蹄金,治疗,疟疾
马蹄金,治疗,肺出血
金毛铁线莲,治疗,肾炎
金毛铁线莲,治疗,尿结
金毛铁线莲,治疗,火眼
松潘乌头,治疗,跌打损伤
松潘乌头,治疗,风湿性关节痛
金钱豹,治疗,神经衰弱
金钱松,治疗,顽癣
金钱松,治疗,食积
水茄,治疗,疮毒
长萼鹿角藤,治疗,风湿性腰腿痛
长萼鹿角藤,治疗,肾亏腰痛
长萼鹿角藤,治疗,高血压
长萼鹿角藤,治疗,骨折
长萼鹿角藤,治疗,跌打损伤
多叶唐松草,治疗,肝炎
多叶唐松草,治疗,痢疾
多叶唐松草,治疗,小儿热症
多叶唐松草,治疗,痘疹难透
金粟兰,治疗,风湿疼痛
金粟兰,治疗,跌打损伤
金挖耳,治疗,感冒发热
金挖耳,治疗,咽喉肿痛
金挖耳,治疗,牙痛
金挖耳,治疗,蛔虫腹痛
金挖耳,治疗,急性肠炎
金挖耳,治疗,痢疾
金挖耳,治疗,尿道感染
金挖耳,治疗,淋巴结结核
金挖耳,治疗,疮疖肿毒
金挖耳,治疗,乳腺炎
金挖耳,治疗,带状疱疹
金挖耳,治疗,毒蛇咬伤
槐,治疗,疮毒
金樱子,治疗,疮疖
金樱子,治疗,烧烫伤
金盏银盘,治疗,上呼吸道感染
金盏银盘,治疗,咽喉肿痛
金盏银盘,治疗,急性阑尾炎
金盏银盘,治疗,急性黄疸型肝炎
金盏银盘,治疗,胃肠炎
金盏银盘,治疗,风湿关节疼痛
金盏银盘,治疗,疟疾
筋骨草,治疗,肺热咯血
筋骨草,治疗,跌打损伤
筋骨草,治疗,扁桃腺炎
筋骨草,治疗,咽喉炎
麻叶豆腐柴,治疗,脉管炎
麻叶豆腐柴,治疗,风湿性关节炎
麻叶豆腐柴,治疗,筋骨疼痛
麻叶豆腐柴,治疗,腰痛
麻叶豆腐柴,治疗,胃痛
麻叶豆腐柴,治疗,吐血
筋藤,治疗,风湿
堇菜,治疗,节疮
堇菜,治疗,肿毒
锦地罗,治疗,肠炎
锦地罗,治疗,菌痢
锦地罗,治疗,喉痛
锦地罗,治疗,咳嗽
锦地罗,治疗,小儿疳积
长冠鼠尾草紫参,治疗,感冒风寒
长冠鼠尾草紫参,治疗,腹痛
长冠鼠尾草紫参,治疗,妇科病
长冠鼠尾草紫参,治疗,伤风咳嗽
毛胶薯蓣,治疗,慢性肝炎
大戟,治疗,水肿
大戟,治疗,通经
麦瓶草,治疗,鼻衄
麦瓶草,治疗,吐血
麦瓶草,治疗,尿血
麦瓶草,治疗,肺脓疡
麦瓶草,治疗,月经不调
九管血,治疗,风湿筋骨痛
九管血,治疗,痨伤咳嗽
九管血,治疗,喉蛾
九管血,治疗,蛇咬伤
九管血,治疗,无名肿毒
鸭脚茶,治疗,感冒
鸭脚茶,治疗,头痛
鸭脚茶,治疗,疟疾
临时救,治疗,风寒头痛
临时救,治疗,咽喉肿痛
临时救,治疗,肾炎水肿
临时救,治疗,肾结石
临时救,治疗,小儿疳积
临时救,治疗,疔疮
临时救,治疗,毒蛇咬伤
羊角天麻,治疗,乳腺炎
羊角天麻,治疗,腮腺炎
羊角天麻,治疗,疮疖
羊角天麻,治疗,肺热咳嗽
羊角天麻,治疗,头晕
羊角天麻,治疗,风湿
羊角天麻,治疗,骨折
乌桕,治疗,毒蛇咬伤
蒌叶,治疗,胃寒痛
蒌叶,治疗,风寒咳嗽
蒌叶,治疗,疮疖
蒌叶,治疗,湿疹
蒟子,治疗,流感
蒟子,治疗,胃痛
蒟子,治疗,经痛
蒟子,治疗,跌打损伤
蒟子,治疗,风湿骨痛
聚花草,治疗,疮疖肿毒
聚花草,治疗,淋巴结肿大
聚花草,治疗,急性肾炎
爵床,治疗,腰背痛
爵床,治疗,创伤
排草香,治疗,水肿
排草香,治疗,浮肿病
排骨灵,治疗,外伤出血
排骨灵,治疗,骨折
排骨灵,治疗,跌打损伤
千年不烂心,治疗,小儿惊风
秦岭岩白菜,治疗,急性肠炎
秦岭岩白菜,治疗,崩漏
秦岭岩白菜,治疗,白带
秦岭岩白菜,治疗,痢疾
秦岭岩白菜,治疗,黄水疮
船盔乌头,治疗,流感
船盔乌头,治疗,肝炎
船盔乌头,治疗,麻疹
泡花树,治疗,无名肿毒
泡花树,治疗,毒蛇咬伤
泡花树,治疗,腹胀水肿
毛花点草,治疗,烧烫伤
毛花点草,治疗,热毒疮
毛花点草,治疗,湿疹
毛花点草,治疗,肺热咳嗽
毛花点草,治疗,痰中带血
小果博落回,治疗,皮肤病
蓬莱葛,治疗,关节炎
蓬莱葛,治疗,坐骨神经痛
披针骨牌蕨,治疗,风湿关节痛
披针骨牌蕨,治疗,外伤出血
红毒茴,治疗,跌打损伤
红毒茴,治疗,风湿性关节炎
枇杷叶紫珠,治疗,慢性风湿性关节炎
偏翅唐松草,治疗,风火牙痛
偏翅唐松草,治疗,眼痛
偏花黄芩,治疗,热咳
偏花黄芩,治疗,吐血
偏花黄芩,治疗,血痢
偏花马兜铃,治疗,消化不良
歪头菜,治疗,高血压
歪头菜,治疗,肝病
苹,治疗,毒蛇咬伤
大黄药,治疗,炭疽
大黄药,治疗,外伤感染
大黄药,治疗,流感
大黄药,治疗,流脑
大黄药,治疗,感冒
大黄药,治疗,咽喉炎
大黄药,治疗,扁桃腺炎
大黄药,治疗,乳腺炎
大黄药,治疗,肺炎
大黄药,治疗,支气管炎
大黄药,治疗,疟疾
大黄药,治疗,骨折
坡油甘,治疗,肝炎
坡油甘,治疗,疮毒
坡油甘,治疗,咳嗽
坡油甘,治疗,蛇伤
山芝麻,治疗,疮疖
仙茅,治疗,阳萎
仙茅,治疗,遗精
仙茅,治疗,腰膝冷痛
仙茅,治疗,四肢麻木
匍匐忍冬,治疗,风湿
葡萄叶艾麻,治疗,胃痛
蒲公英属,治疗,急性乳腺炎
蒲公英属,治疗,淋巴腺炎
蒲公英属,治疗,急性结膜炎
蒲公英属,治疗,感冒发热
蒲公英属,治疗,急性扁桃体炎
蒲公英属,治疗,急性支气管炎
蒲公英属,治疗,肝炎
蒲公英属,治疗,肿囊炎
蒲公英属,治疗,尿路感染
盐蒿,治疗,慢性气管炎
盐蒿,治疗,支气管哮喘
普通鹿蹄草,治疗,肺病
普通鹿蹄草,治疗,筋骨疼痛
菜头肾,治疗,肾虚
菜头肾,治疗,腰痛
苍白秤钩风,治疗,毒蛇咬伤
石丁香,治疗,营养不良性水肿
石丁香,治疗,跌打损伤
石丁香,治疗,湿疹
石丁香,治疗,肾虚
石丁香,治疗,腰痛
山慈菇,治疗,跌打
山慈菇,治疗,蛇伤
千解草,治疗,跌打损伤
千解草,治疗,风湿关节炎
千解草,治疗,月经不调
千解草,治疗,消化不良
草苁蓉,治疗,肾虚阳萎
草苁蓉,治疗,腰关节冷痛
草苁蓉,治疗,便秘
大叶铁线莲,治疗,风湿关节痛
大叶铁线莲,治疗,结核性溃疡
大叶铁线莲,治疗,瘘管
网脉唐松草,治疗,咳嗽
网脉唐松草,治疗,感冒
草龙,治疗,感冒
草龙,治疗,咽喉肿痛
草龙,治疗,疮疥
线纹香茶菜,治疗,急性黄疽型肝炎
线纹香茶菜,治疗,急性胆囊炎
线纹香茶菜,治疗,咽喉炎
线纹香茶菜,治疗,妇科病
筒冠花,治疗,疮毒
错那蒿,治疗,气管炎
错那蒿,治疗,肺病
绣球藤,治疗,肾炎水肿
绣球藤,治疗,小便涩痛
绣球藤,治疗,月经不调
绣球藤,治疗,脚气湿肿
绣球藤,治疗,乳汁不通
绣球藤,治疗,心火旺
绣球藤,治疗,心烦失眠
绣球藤,治疗,口舌生疮
潺槁木姜子,治疗,腹泻
小紫金牛,治疗,肺结核
小紫金牛,治疗,咯血
小紫金牛,治疗,呕血
小紫金牛,治疗,跌打损伤
长瓣马铃苣苔,治疗,跌打损伤
长柄唐松草,治疗,肝炎
长柄唐松草,治疗,肝肿大
岩风,治疗,感冒
岩风,治疗,咳嗽
岩风,治疗,牙痛
岩风,治疗,关节肿痛
岩风,治疗,跌打损伤
岩风,治疗,风湿筋骨痛
长春花,治疗,白血病
长春花,治疗,淋巴肿瘤
长春花,治疗,肺癌
长春花,治疗,绒毛膜上皮癌
长春花,治疗,血癌
长春花,治疗,子宫癌
长梗过路黄,治疗,疟疾
长梗石柑,治疗,跌打
长果丛菔,治疗,肺病
黄三七,治疗,眼结膜炎
黄三七,治疗,口腔炎
黄三七,治疗,咽炎
黄三七,治疗,肠炎
黄三七,治疗,痢疾
长花铁线莲,治疗,跌打
长花铁线莲,治疗,清寒
长花铁线莲,治疗,通经络
长花铁线莲,治疗,口舌生疮
长花铁线莲,治疗,乳汁不通
长花铁线莲,治疗,肠炎痢疾
长花铁线莲,治疗,肾炎淋病
长裂乌头,治疗,发烧
长裂乌头,治疗,炭疽病
长毛香科科,治疗,痧症
长蕊石头花,治疗,蚜虫
长蕊石头花,治疗,红蜘蛛
长蕊石头花,治疗,地老虎
长序荆,治疗,眼病
猫乳,治疗,疥疮
长叶酸藤子,治疗,产后腹痛
长叶酸藤子,治疗,肾炎水肿
长叶酸藤子,治疗,肠炎腹泻
长叶酸藤子,治疗,跌打
长叶酸藤子,治疗,瘀痛
长叶苎麻,治疗,感冒
长叶苎麻,治疗,风湿关节炎
针筒菜,治疗,久痢
针筒菜,治疗,病久虚弱
针筒菜,治疗,外伤出血
朝鲜白头翁,治疗,阿米巴痢疾
朝鲜白头翁,治疗,疟疾
朝鲜白头翁,治疗,金疮
朝鲜白头翁,治疗,妇女闭经
豹皮樟,治疗,胃脘胀痛
朝鲜铁线莲,治疗,痔疮
还亮草,治疗,风湿骨痛
橙色鼠尾草,治疗,头晕
橙色鼠尾草,治疗,风湿痛
齿叶景天,治疗,跌打损伤
锈毛铁线莲,治疗,疮毒
锈毛铁线莲,治疗,角膜炎
锈毛铁线莲,治疗,四肢痛
赤豆,治疗,水肿脚气
赤豆,治疗,泻痢
赤豆,治疗,痈肿
天麻,治疗,头晕目眩
天麻,治疗,肢体麻木
天麻,治疗,小儿惊风
麻叶荨麻,治疗,风湿
麻叶荨麻,治疗,糖尿病
栓叶安息香,治疗,风湿关节痛
厚叶算盘子,治疗,跌打
厚叶算盘子,治疗,风湿
厚叶算盘子,治疗,脱肛
厚叶算盘子,治疗,子宫下垂
厚叶算盘子,治疗,白带
厚叶算盘子,治疗,泄泻
厚叶算盘子,治疗,肝炎
厚叶算盘子,治疗,牙痛
短瓣花,治疗,风湿
短瓣花,治疗,跌打损伤
马缨丹,治疗,疟疾
马缨丹,治疗,肺结核
马缨丹,治疗,颈淋巴结核
马缨丹,治疗,腮腺炎
马缨丹,治疗,胃痛
马缨丹,治疗,风湿骨痛
臭棘豆,治疗,皮炎
臭棘豆,治疗,便秘
臭节草,治疗,风寒感冒
臭节草,治疗,咽喉炎
臭节草,治疗,腮腺炎
臭节草,治疗,支气管炎
臭节草,治疗,皮下瘀血
臭牡丹,治疗,子宫脱垂
梓,治疗,肝硬化
梓,治疗,腹水
梓,治疗,疥疮
棕叶狗尾草,治疗,脱肛
棕叶狗尾草,治疗,子宫脱垂
楮头红,治疗,耳鸣
楮头红,治疗,祛肝火
川滇变豆菜,治疗,风湿关节疼痛
川滇变豆菜,治疗,跌打损伤
川滇变豆菜,治疗,肺结核
川滇变豆菜,治疗,肾虚腰疼
川滇变豆菜,治疗,头昏
小木通,治疗,尿路感染
小木通,治疗,小便不利
小木通,治疗,肾炎水肿
小木通,治疗,闭经
小木通,治疗,乳汁不通
小木通,治疗,风湿
小木通,治疗,月经不调
小木通,治疗,胃痛
小木通,治疗,小儿麻痹后遗症
小木通,治疗,腰腿痛
小木通,治疗,桥虫
小木通,治疗,菜青虫
小木通,治疗,地老虎
小木通,治疗,瓢虫
紫金龙,治疗,各种疼痛
紫金龙,治疗,高血压
紫金龙,治疗,血崩
紫金龙,治疗,内伤出血
紫金龙,治疗,跌打损伤
川西小黄菊,治疗,跌打损伤
川芎,治疗,头痛旋晕
川芎,治疗,肋痛腹疼
川芎,治疗,经闭
川芎,治疗,难产
川芎,治疗,痈疽疮疡
穿龙薯蓣,治疗,腰腿疼痛
穿龙薯蓣,治疗,筋骨麻木
穿龙薯蓣,治疗,跌打损伤
穿龙薯蓣,治疗,咳嗽喘息
异形南五味子,治疗,风湿骨痛
异形南五味子,治疗,跌打损伤
毛柱铁线莲,治疗,风寒感冒
毛柱铁线莲,治疗,胃痛
毛柱铁线莲,治疗,闭经
毛柱铁线莲,治疗,跌打瘀肿
毛柱铁线莲,治疗,风湿麻木
毛柱铁线莲,治疗,腰痛
垂序商陆,治疗,水肿
垂序商陆,治疗,白带
垂序商陆,治疗,风湿
垂序商陆,治疗,脚气
垂序商陆,治疗,无名肿毒
垂序商陆,治疗,皮肤寄生虫病
椿叶花椒,治疗,风湿骨痛
椿叶花椒,治疗,跌打肿痛
椿叶花椒,治疗,中暑
椿叶花椒,治疗,感冒
刺齿唇柱苣苔,治疗,风湿骨痛
大叶臭花椒,治疗,多类痛症
雀梅藤,治疗,疮疡肿毒
雀梅藤,治疗,咳嗽
刺瓜,治疗,神经衰弱
刺瓜,治疗,慢性肾炎
刺瓜,治疗,睾丸炎
刺瓜,治疗,肺结核
刺瓜,治疗,肝炎
刺黑珠,治疗,痢疾
刺黑珠,治疗,腹泻
刺黑珠,治疗,红肿
红花,治疗,妇女病
刺黄花,治疗,眼病
缫丝花,治疗,痢疾
刺藜,治疗,荨麻疹
刺藜,治疗,皮肤瘙痒
刺蒴麻,治疗,毒疮
刺蒴麻,治疗,肾结石
短梗南蛇藤,治疗,蛇咬伤
短梗南蛇藤,治疗,肿毒
丛花山矾,治疗,癣疥
粗梗水蕨,治疗,胎毒
粗毛淫羊藿,治疗,阳痿
粗毛淫羊藿,治疗,小便失禁
粗毛淫羊藿,治疗,风湿痛
催吐萝芙木,治疗,发高烧
催吐萝芙木,治疗,消化不良
催吐萝芙木,治疗,疥癣
催吐萝芙木,治疗,腹痛
寸金草,治疗,牙痛
寸金草,治疗,小儿疳积
寸金草,治疗,风湿跌打
寸金草,治疗,煎水
七层楼,治疗,小儿惊风
七层楼,治疗,白喉
七层楼,治疗,跌打损伤
七层楼,治疗,关节肿痛
七层楼,治疗,蛇咬伤
石香薷,治疗,中暑发热
石香薷,治疗,感冒恶寒
石香薷,治疗,胃痛呕吐
石香薷,治疗,急性肠胃炎
石香薷,治疗,痢疾
石香薷,治疗,跌打瘀痛
石香薷,治疗,下肢水肿
石香薷,治疗,颜面浮肿
石香薷,治疗,消化不良
石香薷,治疗,多发性疖肿
毛果算盘子,治疗,漆树过敏
毛果算盘子,治疗,剥脱性皮炎
毛果算盘子,治疗,19麻疹
毛果算盘子,治疗,肠炎
毛果算盘子,治疗,痢疾
毛果算盘子,治疗,脱肛
毛果算盘子,治疗,牙痛
毛果算盘子,治疗,咽喉炎
毛果算盘子,治疗,乳腺炎
毛果算盘子,治疗,白带
毛果算盘子,治疗,月经过多
毛果算盘子,治疗,皮肤湿疹
毛果算盘子,治疗,稻田性皮炎
漆姑虎耳草,治疗,肝炎
漆姑虎耳草,治疗,胆囊炎
奇蒿,治疗,妇疾患
铁海棠,治疗,瘀痛
铁海棠,治疗,骨折
铁海棠,治疗,恶疮
麒麟叶,治疗,跌打损伤
麒麟叶,治疗,风湿关节
麒麟叶,治疗,痈肿疮毒
千根草,治疗,菌痢
千根草,治疗,肠炎
千根草,治疗,腹泻
香叶树,治疗,跌打损伤
香叶树,治疗,牛马癣疥
天葵,治疗,疮疖肿
天葵,治疗,乳腺炎
天葵,治疗,扁桃体炎
天葵,治疗,淋巴结核
天葵,治疗,跌打损伤
天葵,治疗,蚜虫
天葵,治疗,红蜘蛛
天葵,治疗,稻螟
千屈菜,治疗,肠炎
千屈菜,治疗,痢疾
千屈菜,治疗,便血
小蜡,治疗,吐血
小蜡,治疗,牙痛
小蜡,治疗,口疮
小蜡,治疗,咽喉痛
香港大沙叶,治疗,感冒发热
香港大沙叶,治疗,中暑
香港大沙叶,治疗,肝炎
香港大沙叶,治疗,跌打刀伤
羌活属,治疗,风寒感冒
羌活属,治疗,风湿性关节疼痛
荞麦,治疗,高血压
荞麦,治疗,视网膜出血
荞麦,治疗,肺出血
花葶乌头,治疗,劳伤
花葶乌头,治疗,刀伤
聚叶花葶乌头,治疗,跌打损伤
聚叶花葶乌头,治疗,月经不调
芹叶铁线莲,治疗,胃包囊虫
芹叶铁线莲,治疗,肝包囊虫
当归,治疗,月经不调
当归,治疗,崩漏
当归,治疗,眩晕
当归,治疗,痈疽疮疡
当归,治疗,跌打损伤
青海茄参,治疗,肺脓肿
清风藤,治疗,风湿
清风藤,治疗,鹤膝
清风藤,治疗,麻痹
密花素馨,治疗,皮肤瘙痒
秋枫,治疗,无名肿毒
秋枫,治疗,风湿骨痛
秋枫,治疗,痢疾
楸,治疗,尿路结石
楸,治疗,尿路感染
楸,治疗,热毒疮廊
球穗千斤拔,治疗,高热不退
球穗千斤拔,治疗,感冒
球穗千斤拔,治疗,风湿性关节炎
球穗千斤拔,治疗,痛经
球穗千斤拔,治疗,日痢
石胡荽,治疗,鼻炎
石胡荽,治疗,跌打损伤
曲江远志,治疗,咳嗽
曲江远志,治疗,咽喉肿痛
曲江远志,治疗,小儿疳积
曲江远志,治疗,月径不调
大白药,治疗,外伤出血
大白药,治疗,疮毒
全缘金粟兰,治疗,风湿性关节炎
全缘金粟兰,治疗,菌痢
泉七,治疗,刀枪伤
泉七,治疗,创伤出血
泉七,治疗,蛇虫咬伤
泉七,治疗,疮疡肿毒
雀舌草,治疗,刀伤
髯花杜鹃,治疗,气喘
蘘荷,治疗,跌打损伤
蘘荷,治疗,颈淋巴结核
蘘荷,治疗,腰痛
蘘荷,治疗,咳嗽
辽藁本,治疗,风寒头痛
辽藁本,治疗,寒湿腹痛
辽藁本,治疗,泄泻
人参娃儿藤,治疗,肚痛
人面子,治疗,风毒痒痛
人面子,治疗,喉痛
灰毛大青,治疗,毒疮
灰毛大青,治疗,风湿病
日本小檗,治疗,结膜炎
水竹叶,治疗,蛇虫咬伤
肉豆蔻,治疗,虚泻冷痢
肉豆蔻,治疗,脘腹冷痛
肉豆蔻,治疗,呕吐
肉豆蔻,治疗,风湿痛
多枝唐松草,治疗,目赤
多枝唐松草,治疗,热痢
多枝唐松草,治疗,黄疸
西藏吊灯花,治疗,小儿蛔虫
吊灯树,治疗,皮肤病
蜡瓣花属,治疗,慢性支气管炎
云南萝芙木,治疗,疥癣
五叶铁线莲,治疗,腹痛吐泻
五叶铁线莲,治疗,月经不调
五叶铁线莲,治疗,痛经
五叶铁线莲,治疗,风湿麻木
五叶铁线莲,治疗,关节疼痛
五叶铁线莲,治疗,跌打损伤
五叶铁线莲,治疗,偏头痛
五叶铁线莲,治疗,神经痛
扬子毛茛,治疗,疮毒
兰香草,治疗,毒蛇咬伤
兰香草,治疗,疮肿
兰香草,治疗,湿疹
兰香草,治疗,崩漏
兰香草,治疗,白带
兰香草,治疗,月经不调
蓝桉,治疗,风湿
蓝桉,治疗,扭伤
蓝侧金盏花,治疗,疮疥
蓝侧金盏花,治疗,皮癣
蓝侧金盏花,治疗,皮肤病
木蓝,治疗,肿毒
岩白菜,治疗,虚弱头晕
岩白菜,治疗,劳伤咳嗽
岩白菜,治疗,吐血
岩白菜,治疗,咯血
岩白菜,治疗,淋浊
岩白菜,治疗,白带
岩白菜,治疗,肿毒
郎伞木,治疗,腰骨疼痛
郎伞木,治疗,跌打
狼毒,治疗,疥癣
四方麻,治疗,红白痢疾
四方麻,治疗,喉痛
四方麻,治疗,目赤
四方麻,治疗,黄肿
四方麻,治疗,淋病
虎尾草,治疗,疮疖
虎尾草,治疗,刀伤
朗县虎耳草,治疗,肺结核
朗县虎耳草,治疗,脓胸
细柄凤仙花,治疗,痨伤
心萼薯,治疗,小儿疳积
喙果崖豆藤,治疗,风湿关节痛
毛茛,治疗,疮癣
老虎须,治疗,跌打瘀肿
老虎须,治疗,毒蛇咬伤
一品红,治疗,跌打损伤
老牛筋,治疗,肝炎
老牛筋,治疗,小儿疳积
铁包金,治疗,跌打损伤
铁包金,治疗,蛇咬伤
多被银莲花,治疗,风湿性腰腿痛
多被银莲花,治疗,关节炎
多被银莲花,治疗,疮疖痈毒
老鸦糊,治疗,小米丹
老鸦糊,治疗,血崩
醉魂藤,治疗,风湿
醉魂藤,治疗,胎毒
醉魂藤,治疗,疟疾
秃疮花,治疗,风火牙痛
秃疮花,治疗,咽喉痛
秃疮花,治疗,扁桃体炎
秃疮花,治疗,淋巴结核
秃疮花,治疗,秃疮
秃疮花,治疗,疮疖疥癣
秃疮花,治疗,痈疽
簕欓花椒,治疗,多类痛症
岩藿香,治疗,跌打红肿
岩藿香,治疗,风热咳嗽
藜,治疗,痢疾
藜,治疗,腹泻
藜,治疗,皮肤湿毒
藜,治疗,周身发痒
小叶乌药,治疗,跌打
荔枝,治疗,心气痛
荔枝,治疗,小肠气痛
圆果算盘子,治疗,感冒发热
圆果算盘子,治疗,暑热口渴
圆果算盘子,治疗,口腔炎
圆果算盘子,治疗,刀伤出血
圆果算盘子,治疗,骨折
圆果算盘子,治疗,湿疹
圆果算盘子,治疗,疮疡
短尾铁线莲,治疗,尿道感染
短尾铁线莲,治疗,尿频
短尾铁线莲,治疗,尿道痛
短尾铁线莲,治疗,口舌生疮
短尾铁线莲,治疗,乳汁不通
盾叶唐松草,治疗,小儿抽风
盾叶唐松草,治疗,小儿白口疮
连翘,治疗,高血压
连翘,治疗,痢疾
连翘,治疗,咽喉痛
镰荚棘豆,治疗,刀伤
两头毛,治疗,跌打损伤
两头毛,治疗,风湿骨痛
两头毛,治疗,月经不调
两头毛,治疗,痈肿
两头毛,治疗,胸肋疼痛
两头毛,治疗,腹泻
列当,治疗,阳痿
列当,治疗,腰酸腿软
列当,治疗,小儿腹泻
裂果薯,治疗,牙痛
裂果薯,治疗,跌打
裂果薯,治疗,疮疡肿毒
鳞花草,治疗,眼病
鳞花草,治疗,蛇伤
鳞花草,治疗,伤口感染
鳞花草,治疗,皮肤湿疹
灵香草,治疗,感冒头痛
灵香草,治疗,齿痛
灵香草,治疗,胸闷腹胀
羊蹄甲,治疗,咳嗽
凌霄,治疗,跌打损伤
琉璃草属,治疗,急性肾炎
琉璃草属,治疗,月经不调
琉璃草属,治疗,肝炎
琉璃草属,治疗,白带
琉璃草属,治疗,水肿
琉璃草属,治疗,疮疖痛肿
琉璃草属,治疗,毒蛇咬伤
琉璃草属,治疗,跌打损伤
琉璃草,治疗,疮疖痈肿
琉璃草,治疗,跌打损伤
琉璃草,治疗,毒蛇咬伤
琉璃草,治疗,黄胆
琉璃草,治疗,痢疾
琉璃草,治疗,尿痛
琉璃草,治疗,肺结核咳嗽
瘤毛獐牙菜,治疗,黄疸型肝炎
瘤毛獐牙菜,治疗,菌痢
瘤毛獐牙菜,治疗,消化不良
柳穿鱼,治疗,风湿性心脏病
柳叶钝果寄生,治疗,孕妇腰痛
柳叶钝果寄生,治疗,安胎
蒌蒿,治疗,黄胆型
六角莲,治疗,毒蛇咬伤
六角莲,治疗,跌打损伤
锈毛络石,治疗,跌打损伤
细锥香茶菜,治疗,刀伤
宜昌楼梯草,治疗,火烫伤
红花龙胆,治疗,肝炎
红花龙胆,治疗,支气管炎
红花龙胆,治疗,小便不利
龙蒿,治疗,暑湿发热
龙蒿,治疗,虚劳
龙脷叶,治疗,咳嗽
龙脷叶,治疗,喉痛
龙脷叶,治疗,急性支气管炎
大叶金腰,治疗,小儿惊风
大叶金腰,治疗,耳部疾病
蛇莓,治疗,疮
蛇莓,治疗,蛇咬伤
蛇莓,治疗,烫伤
蛇莓,治疗,烧伤
蛇莓,治疗,支气管炎
蛇莓,治疗,农业害虫
蛇莓,治疗,杀蛆
蛇莓,治疗,孑孓
石蒜,治疗,咽喉肿痛
石蒜,治疗,痈肿疮毒
石蒜,治疗,瘰疬
石蒜,治疗,肾炎水肿
石蒜,治疗,毒蛇咬伤
多蕊木,治疗,跌打损伤
多蕊木,治疗,风湿骨痛
露兜树,治疗,感冒发热
露兜树,治疗,肾炎
露兜树,治疗,水肿
露兜树,治疗,腰腿痛
露兜树,治疗,疝气痛
露珠珍珠菜,治疗,肺结核
露珠珍珠菜,治疗,跌打损伤
鹿藿,治疗,风湿骨痛
鹿藿,治疗,气管炎
鹿藿,治疗,疮疥
灰岩皱叶报春,治疗,跌打痨伤
灰岩皱叶报春,治疗,风湿疼痛
绿花崖豆藤,治疗,跌打损伤
绿花玉凤花,治疗,毒疮
升麻,治疗,风热头痛
升麻,治疗,咽喉肿痛
升麻,治疗,斑疹不易透发
双花堇菜,治疗,跌打损伤
轮伞五加,治疗,风湿性关节痛
轮伞五加,治疗,小儿筋骨痿软
轮伞五加,治疗,跌打损伤
轮伞五加,治疗,阳萎
轮叶过路黄,治疗,肺结核咯血
轮叶过路黄,治疗,高血压
轮叶过路黄,治疗,毒蛇咬伤
密鳞紫金牛,治疗,腹痛
罗伞树,治疗,跌打损伤
无根藤,治疗,肾炎水肿
无根藤,治疗,尿路结石
无根藤,治疗,尿路感染
无根藤,治疗,跌打疖肿
无根藤,治疗,湿疹
斜叶黄檀,治疗,风湿
斜叶黄檀,治疗,跌打
斜叶黄檀,治疗,扭挫伤
裸花紫珠,治疗,外伤出血
裸花紫珠,治疗,跌打肿痛
裸花紫珠,治疗,风湿肿痛
裸花紫珠,治疗,肺结核咯血
裸花紫珠,治疗,胃肠出血
裸茎金腰,治疗,发烧
裸茎金腰,治疗,头痛
裸茎金腰,治疗,急性黄疸型肝炎
裸茎碎米荠,治疗,疔疮
紫荆,治疗,产后血气痛
紫荆,治疗,疮肿毒
紫荆,治疗,喉痹
紫荆,治疗,风湿筋骨痛
骆驼刺属,治疗,神经性头痛
毛萼香茶菜,治疗,脚气
野菰,治疗,骨髓炎
野菰,治疗,喉痛
山橙,治疗,疝气
山橙,治疗,腹痛
山橙,治疗,小儿疳积
山橙,治疗,消化不良
山橙,治疗,睾丸炎
云南蕊木,治疗,水肿
云南蕊木,治疗,咽喉炎
云南蕊木,治疗,扁桃腺炎
云南蕊木,治疗,风湿骨痛
云南蕊木,治疗,四肢麻木
马尿藤,治疗,跌打
马尿藤,治疗,皮肤病
马尿藤,治疗,感冒
马尿藤,治疗,肾炎
毛发唐松草,治疗,小儿高热
毛发唐松草,治疗,惊风
毛发唐松草,治疗,肺炎
蚂蝗七,治疗,小儿疳积
蚂蝗七,治疗,胃痛
蚂蝗七,治疗,跌打损伤
雪兔子,治疗,妇女病
雪兔子,治疗,风湿性关节炎
麦仙翁,治疗,百日咳
细野麻,治疗,皮肤发痒
细野麻,治疗,湿毒
麦蓝菜,治疗,经闭
麦蓝菜,治疗,乳汁不通
麦蓝菜,治疗,乳腺炎
麦蓝菜,治疗,痈疖肿痛
满江红,治疗,顽癣
合蕊五味子,治疗,风湿骨痛
合蕊五味子,治疗,跌打损伤
合蕊五味子,治疗,神经衰弱
细梗香草,治疗,流行性感冒
蔓剪草,治疗,跌打
蔓剪草,治疗,损伤
蔓荆,治疗,感冒
蔓荆,治疗,风热
蔓荆,治疗,神经性头痛
蔓荆,治疗,风湿骨痛
单叶蔓荆,治疗,头痛眩晕目痛
单叶蔓荆,治疗,湿痹拘挛
芒毛苣苔,治疗,风湿骨痛
野香橼花,治疗,慢性风湿疼痛
野香橼花,治疗,跌打损伤
猫爪草,治疗,淋巴结核
毛艹杭子梢,治疗,烫伤
毛茛属,治疗,淋巴结核
毛茛状金莲花,治疗,风湿
毛茛状金莲花,治疗,淋巴结核
蜀侧金盏花,治疗,痈疮肿毒
蜀侧金盏花,治疗,目赤肿痛
蜀侧金盏花,治疗,呕吐泻痢
毛茄,治疗,跌打
毛茄,治疗,疝气
毛球兰,治疗,跌打损伤
毛叶藤仲,治疗,骨折筋伤
毛叶藤仲,治疗,风湿骨痛
毛叶藤仲,治疗,外伤出血
毛叶芋兰,治疗,白浊
毛柱马钱,治疗,四肢麻木
毛柱马钱,治疗,瘫痪
玫瑰,治疗,胃气痛
玫瑰,治疗,月经不调
美果九节,治疗,细菌性痢疾
美果九节,治疗,肠炎腹泻
美果九节,治疗,咳嗽
美果九节,治疗,癫痈
美果九节,治疗,肾炎
美果九节,治疗,膀胱炎
美果九节,治疗,风湿性腰腿痛
美人蕉,治疗,风湿麻木
美人蕉,治疗,外伤出血
美人蕉,治疗,跌打
美人蕉,治疗,子宫下垂
美人蕉,治疗,心气痛
美蔷薇,治疗,脉管炎
美蔷薇,治疗,高血压
美蔷薇,治疗,头晕
蒙古栎,治疗,痢疾
蒙古莸,治疗,腹胀
蒙古莸,治疗,消化不良
蒙自豆腐柴,治疗,风湿
蒙自豆腐柴,治疗,筋骨痛
米念芭,治疗,风湿
密花豆,治疗,腰膝酸痛
密花豆,治疗,麻木瘫痪
密花豆,治疗,月经不调
密花山矾,治疗,跌打
密花远志,治疗,身体虚弱
线叶猪屎豆,治疗,耳鸣
线叶猪屎豆,治疗,遗精
线叶猪屎豆,治疗,妇女血痨
绵萆薢,治疗,风湿关节炎
绵萆薢,治疗,腰腿酸痛
绵萆薢,治疗,泌尿系统感染
绵萆薢,治疗,毒蛇咬伤
通脉丹,治疗,哮喘
绵三七,治疗,小儿疳积
绵三七,治疗,消化不良
绵三七,治疗,腹泻
绵三七,治疗,跌打损伤
棉团铁线莲,治疗,风湿症
棉团铁线莲,治疗,水肿
棉团铁线莲,治疗,神经痛
棉团铁线莲,治疗,痔疮肿痛
缅茄,治疗,牙痛
缅茄,治疗,眼病
滇刺枣,治疗,烧伤
桃榄,治疗,毒蛇咬伤
明党参,治疗,头晕
明党参,治疗,呕吐
明党参,治疗,目赤
明党参,治疗,白带
磨盘草,治疗,耳聋
圆萼刺参,治疗,关节疼痛
圆萼刺参,治疗,小便失禁
圆萼刺参,治疗,腰痛
圆萼刺参,治疗,眩晕
茉莉花,治疗,目赤肿痛
牡丹,治疗,中风
牡丹,治疗,腹痛
紫玉兰,治疗,鼻炎
紫玉兰,治疗,头痛
木槿,治疗,皮肤癣
木莲,治疗,便闭
木莲,治疗,干咳
乌榄,治疗,风湿腰腿痛
乌榄,治疗,手足麻木
乌榄,治疗,胃痛
乌榄,治疗,烫火伤
独一味,治疗,跌打损伤
独一味,治疗,筋骨疼痛
独一味,治疗,气滞闪腰
独一味,治疗,浮肿后流黄水
独一味,治疗,关节积黄水
独一味,治疗,骨松质发炎
黑蕊无心菜,治疗,腹水
黑叶小驳骨,治疗,骨折
黑叶小驳骨,治疗,跌打扭伤
黑叶小驳骨,治疗,关节炎
黑叶小驳骨,治疗,慢性腰腿痛
直缘乌头,治疗,风湿
异木患,治疗,痢疾
大果阿魏,治疗,虫积
大果阿魏,治疗,肉积
大果阿魏,治疗,心腹冷痛
大果琉璃草,治疗,扁桃体炎
大果琉璃草,治疗,疮疖痈肿
大果微花藤,治疗,肾炎
金叶树,治疗,跌打瘀肿
金叶树,治疗,风湿关节痛
金叶树,治疗,骨折
金叶树,治疗,脱臼
大花威灵仙,治疗,蛇咬伤
大花威灵仙,治疗,腹胀
大花威灵仙,治疗,牙痛
大花旋蒴苣苔,治疗,外伤出血
大花旋蒴苣苔,治疗,跌打损伤
大火草,治疗,痢疾
华南半蒴苣苔,治疗,咳嗽
华南半蒴苣苔,治疗,肺炎
华南半蒴苣苔,治疗,跌打损伤
华南半蒴苣苔,治疗,骨折
大落新妇,治疗,筋骨酸痛
大麻,治疗,大便燥结
大麻,治疗,经闭
大麻,治疗,健忘
大叶苎麻,治疗,疮疥
通城虎,治疗,胃痛
通城虎,治疗,胸腹胀痛
通城虎,治疗,风湿关节炎
幌伞枫,治疗,烧伤
幌伞枫,治疗,疖肿
幌伞枫,治疗,蛇伤
幌伞枫,治疗,风热感冒
大通翠雀花,治疗,肠炎腹泻
大通翠雀花,治疗,肝病
大尾摇,治疗,肺炎
大尾摇,治疗,多发性疖肿
大尾摇,治疗,睾丸炎
大吴风草,治疗,咳嗽
大吴风草,治疗,咯血
大吴风草,治疗,便血
大吴风草,治疗,月经不调
大吴风草,治疗,跌打损伤
大吴风草,治疗,乳腺炎
大叶匙羹藤,治疗,风湿
大叶凤仙花,治疗,风湿
大叶凤仙花,治疗,跌打内伤
大叶凤仙花,治疗,月经不调
大叶千斤拔,治疗,风湿骨痛
溪黄草,治疗,急性肝炎
溪黄草,治疗,急性胆囊炎
溪黄草,治疗,跌打瘀肿
大叶石上莲,治疗,跌打损伤
石上莲,治疗,刀伤出血
黄芦木,治疗,痢疾
黄芦木,治疗,黄疽
黄芦木,治疗,白带
黄芦木,治疗,关节肿痛
黄芦木,治疗,口疮
黄芦木,治疗,黄水疮
待宵草,治疗,感冒
待宵草,治疗,喉炎
狗牙花,治疗,眼病
狗牙花,治疗,疮疥
狗牙花,治疗,乳疮
狗牙花,治疗,癫狗咬伤
狗牙花,治疗,头痛
狗牙花,治疗,骨折
仪花,治疗,跌打损伤
仪花,治疗,骨折
仪花,治疗,风湿关节炎
仪花,治疗,外伤出血
单花荠,治疗,刀伤
单花莸,治疗,中暑
单花莸,治疗,感冒
单花莸,治疗,尿路感染
单花莸,治疗,白带
铁破锣,治疗,风湿感冒
铁破锣,治疗,风湿骨痛
铁破锣,治疗,目赤肿痛
单叶铁线莲,治疗,胃痛
单叶铁线莲,治疗,腹痛
单叶铁线莲,治疗,跌打损伤
单叶铁线莲,治疗,跌扑晕厥
单叶铁线莲,治疗,支气管炎
单叶铁线莲,治疗,腮腺炎
单叶铁线莲,治疗,气管炎
单叶铁线莲,治疗,疮肿毒
单叶铁线莲,治疗,咽喉炎
乌檀,治疗,急性扁桃体炎
乌檀,治疗,咽喉炎
乌檀,治疗,乳腺炎
当归藤,治疗,月经不调
当归藤,治疗,白带
当归藤,治疗,萎黄病
土牛膝,治疗,感冒发热
土牛膝,治疗,扁桃体炎
土牛膝,治疗,白喉
土牛膝,治疗,肾炎水肿
野百合,治疗,跌打损伤
野百合,治疗,疮毒
野百合,治疗,癣疥
野西瓜苗,治疗,烫伤
野西瓜苗,治疗,烧伤
野西瓜苗,治疗,急性关节炎
山菠菜,治疗,淋病
山菠菜,治疗,瘰病
地蚕,治疗,跌打
地蚕,治疗,疮毒
地蚕,治疗,去风毒
中华天胡荽,治疗,腹痛
中华天胡荽,治疗,小便不利
中华天胡荽,治疗,湿疹
地肤,治疗,尿痛
地肤,治疗,小便不利
地肤,治疗,荨麻疹
地埂鼠尾草,治疗,肺病
线叶山土瓜,治疗,小儿疳积
线叶山土瓜,治疗,慢性肝炎
线叶山土瓜,治疗,咳嗽
地黄连,治疗,五痨咳嗽
地黄连,治疗,跌打损伤
地黄连,治疗,风湿病
地涌金莲,治疗,白带
地涌金莲,治疗,红崩
地涌金莲,治疗,大肠下血
皱果蛇莓,治疗,蛇咬
皱果蛇莓,治疗,烫伤
皱果蛇莓,治疗,疮
地锦苗,治疗,跌打
锁阳,治疗,阳痿遗精
锁阳,治疗,腰膝酸软
锁阳,治疗,肠燥便秘
锁阳,治疗,瘫痪
地蔷薇,治疗,风湿性关节炎
野芝麻,治疗,泌尿系统疾患
野芝麻,治疗,白带
野芝麻,治疗,行经困难
野芝麻,治疗,跌打损伤
野芝麻,治疗,小儿疳积
地榆,治疗,烧伤
地榆,治疗,烫伤
滇丁香,治疗,百日咳
滇丁香,治疗,慢性支气管炎
滇丁香,治疗,肺结核
滇丁香,治疗,月经不调
滇丁香,治疗,痛经
滇丁香,治疗,风湿疼痛
滇丁香,治疗,偏头疼
滇丁香,治疗,尿路感染
滇丁香,治疗,尿路结石
滇丁香,治疗,病后头昏
滇丁香,治疗,心慌
滇丁香,治疗,毒蛇咬伤
滇桂喜鹊苣苔,治疗,骨髓炎
滇南草乌,治疗,风寒湿痹
滇南草乌,治疗,跌打损伤
滇南冠唇花,治疗,感冒风寒
滇南冠唇花,治疗,消化不良
滇南冠唇花,治疗,气胀腹痛
滇南冠唇花,治疗,肠炎痢疾
滇南冠唇花,治疗,小儿腹泻
滇南冠唇花,治疗,妇科腰痛
广西芒毛苣苔,治疗,关节炎
滇紫草属,治疗,烧烫伤
滇紫草属,治疗,冻伤
滇紫草属,治疗,下肢溃疡
滇紫草属,治疗,痈肿
滇紫草属,治疗,湿疹
滇紫草属,治疗,慢性肝炎
滇紫草属,治疗,绒毛膜上皮癌
滇紫草属,治疗,便秘
吊石苣苔,治疗,跌打损伤
叠裂银莲花,治疗,烧伤
蝶须,治疗,创伤
蝶须,治疗,咳嗽
乌柿,治疗,心气痛
东方泽泻,治疗,肾炎水肿
东方泽泻,治疗,肾盂肾炎
东方泽泻,治疗,肠炎泄泻
东方泽泻,治疗,小便不利
东风菜,治疗,风毒壅热
东风菜,治疗,头痛目眩
东风菜,治疗,肝热眼赤
冬青,治疗,烧伤
冬青,治疗,下肢溃疡
冬青,治疗,皮炎
冬青,治疗,湿疹
冬青,治疗,脚手皮裂
冬青,治疗,烧伤烫伤
冬青,治疗,冻疮
冬青,治疗,乳腺炎
豆瓣绿,治疗,风湿性关节炎
豆瓣绿,治疗,支气管炎
豆瓣绿,治疗,扭伤
豆瓣绿,治疗,骨折
豆瓣绿,治疗,痈疮疖肿
杜虹花,治疗,咳血
杜虹花,治疗,吐血
杜虹花,治疗,鼻出血
杜虹花,治疗,创伤出血
杜虹花,治疗,风湿痛
杜虹花,治疗,扭挫伤
杜虹花,治疗,喉炎
杜虹花,治疗,结膜炎
杜鹃,治疗,月经不调
杜鹃,治疗,风湿
杜若,治疗,虫咬伤
杜若,治疗,腰痛
雪灵芝,治疗,肺病
短柄乌头,治疗,感冒
短柄乌头,治疗,头痛
展毛短柄乌头,治疗,风湿关节痛
展毛短柄乌头,治疗,跌打损伤
展毛短柄乌头,治疗,外伤出血
短茎半蒴苣苔,治疗,过敏性皮炎
短穗兔耳草,治疗,高血压
短穗兔耳草,治疗,肺病
短穗兔耳草,治疗,肺炎
堆花小檗,治疗,目赤
堆花小檗,治疗,咽喉肿痛
堆花小檗,治疗,腹泻
堆花小檗,治疗,牙痛
盾果草,治疗,咽喉痛
盾果草,治疗,乳痛
盾果草,治疗,疔疮
钝叶黄芩,治疗,泻痢
钝叶黄芩,治疗,感冒
钝叶柃,治疗,胸炎
钝叶柃,治疗,泻痢
多裂乌头,治疗,跌打
多裂乌头,治疗,无名肿毒
多脉紫金牛,治疗,腹痛
多脉紫金牛,治疗,便血
多伞阿魏,治疗,心腹冷痛
多伞阿魏,治疗,肠胃炎
多伞阿魏,治疗,关节炎
海边马兜铃,治疗,咽喉肿痛
海芙蓉,治疗,风湿疼痛
海芙蓉,治疗,高血压
海金沙,治疗,筋骨疼痛
海榄雌,治疗,痢疾
海南狗牙花,治疗,毒蛇咬伤
海南狗牙花,治疗,风湿骨痛
海南狗牙花,治疗,乳痈
海南狗牙花,治疗,疖肿
海南狗牙花,治疗,跌打瘀痛
海南三七,治疗,跌打损伤
海南香花藤,治疗,皮肤病
海桐花属,治疗,毒蛇咬伤
海州香薷,治疗,头痛
海州香薷,治疗,发热
海州香薷,治疗,恶寒
海州香薷,治疗,无汗
海州香薷,治疗,腹痛
海州香薷,治疗,吐泻
海州香薷,治疗,水肿
海州香薷,治疗,脚气
诃子,治疗,慢性痢疾
紫花合掌消,治疗,跌打损伤
河边千斤拔,治疗,风湿关节痛
正鸡纳树,治疗,疟疾
鹤草,治疗,痢疾
鹤草,治疗,肠炎
鹤草,治疗,蝮蛇咬伤
鹤草,治疗,挫伤
鹤草,治疗,扭伤
狭叶蓬莱葛,治疗,风湿骨痛
黑蕊虎耳草,治疗,眼病
红背山麻杆,治疗,风疹
红葱,治疗,心悸
红葱,治疗,头晕
红葱,治疗,外伤出血
红葱,治疗,痢疾
红茴香,治疗,跌打
红茴香,治疗,风湿
红敷地发,治疗,痨咳
红根草,治疗,感冒
红根草,治疗,咳嗽咯血
红根草,治疗,肠炎
红根草,治疗,痢疾
红根草,治疗,肝炎
红根草,治疗,风湿性关节炎
红根草,治疗,痛经
红根草,治疗,白带
红根草,治疗,乳腺炎
红根草,治疗,毒蛇咬伤
红根草,治疗,跌打损伤
红根草,治疗,菌痢
红根草,治疗,腹泻
红根草,治疗,腹痛
野芋,治疗,无名肿毒
野芋,治疗,疥疮
野芋,治疗,吊脚癀
野芋,治疗,痈肿疮毒
野芋,治疗,虫蛇咬伤
野芋,治疗,急性颈淋巴腺炎
红果黄肉楠,治疗,脚癣
红果黄肉楠,治疗,烫火伤
红果黄肉楠,治疗,痔疮
红虎耳草,治疗,肝炎
红虎耳草,治疗,胆囊炎
红虎耳草,治疗,流行性感冒
红花琉璃草,治疗,肺痨吐血
红花琉璃草,治疗,鼻出血
洋紫荆,治疗,消化不良
红球姜,治疗,肚痛
红球姜,治疗,腹泻
小萼飞蛾藤,治疗,咳嗽
皂柳,治疗,风湿性关节炎
山乌桕,治疗,跌打扭伤
山乌桕,治疗,痈疮
山乌桕,治疗,毒蛇咬伤
山乌桕,治疗,便秘
红芽大戟,治疗,水肿
红芽大戟,治疗,腹胀急痛
血苋,治疗,吐血
红紫珠,治疗,妇女红
红紫珠,治疗,白带症
天师栗,治疗,胃痛
厚壳树,治疗,感冒
厚壳树,治疗,偏头痛
厚壳树,治疗,跌打损伤
厚壳树,治疗,骨折
厚壳树,治疗,肠炎腹泻
厚藤,治疗,风湿性腰腿痛
厚藤,治疗,腰肌劳损
厚叶素馨,治疗,口腔炎
忽地笑,治疗,小儿麻痹后遗症
狐臭柴,治疗,月经不调
狐臭柴,治疗,牙痛
槲蕨,治疗,跌打损伤
槲蕨,治疗,腰膝酸痛
花椒,治疗,胃腹冷痛
花椒,治疗,呕吐
花椒,治疗,泄泻
花葶驴蹄草,治疗,筋骨疼痛
华凤仙,治疗,肺结核
华凤仙,治疗,喉头肿痛
华凤仙,治疗,热痢
华凤仙,治疗,小便混浊
华凤仙,治疗,湿热带下
华凤仙,治疗,痈疮肿毒
华幌伞枫,治疗,疮
华幌伞枫,治疗,跌打
华山矾,治疗,疟疾
华山矾,治疗,急性肾炎
华山矾,治疗,疮疡
华山矾,治疗,跌打
华山矾,治疗,烧伤烫伤
华山矾,治疗,外伤出血
华山矾,治疗,蛇伤
华山姜,治疗,腹痛泄泻
华山姜,治疗,消化不良
滑叶藤,治疗,风湿筋骨痛
滑叶藤,治疗,跌打损伤
滑叶藤,治疗,骨折
滑叶藤,治疗,疮疖
滑叶藤,治疗,刀伤出血
槐叶苹,治疗,湿疹
黄皮,治疗,腹痛
黄皮,治疗,胃痛
黄皮,治疗,感冒发热
小黄构,治疗,风火牙痛
小黄构,治疗,哮喘
小黄构,治疗,百日咳
黄花大苞姜,治疗,蛇伤
三棱枝艹杭子梢,治疗,肠风下血
三棱枝艹杭子梢,治疗,高热
三棱枝艹杭子梢,治疗,赤痢
三棱枝艹杭子梢,治疗,乳腺炎
三棱枝艹杭子梢,治疗,跌打损伤
黄花铁线莲,治疗,慢性风湿性关节炎
黄花羊蹄甲,治疗,痢疾
黄花羊蹄甲,治疗,溃疡
黄金凤,治疗,风湿
黄金凤,治疗,跌打
黄金凤,治疗,烫伤
黄荆,治疗,久痢
火索藤,治疗,风湿性关节炎
黄牛木,治疗,感冒
黄牛木,治疗,腹泻
黄细心,治疗,气喘
黄细心,治疗,黄疸病
圆锥铁线莲,治疗,恶肿
圆锥铁线莲,治疗,疮瘘
圆锥铁线莲,治疗,蛇犬咬伤
黄珠子草,治疗,小儿疳积
螳螂跌打,治疗,跌打损伤
螳螂跌打,治疗,骨折
螳螂跌打,治疗,风湿骨痛
螳螂跌打,治疗,腰腿痛
灰毛牡荆,治疗,胃痛
灰毛牡荆,治疗,外感风寒
灰毛牡荆,治疗,疟疾
灰罗勒,治疗,皮肤病
灰楸,治疗,皮肤病
灰楸,治疗,稻螟
灰叶堇菜,治疗,跌打损伤
喙果黑面神,治疗,风湿骨痛
喙果黑面神,治疗,湿疹
喙果黑面神,治疗,皮炎
中国无忧花,治疗,风湿
中国无忧花,治疗,月经过多
太白棱子芹,治疗,胃寒腹痛
太白棱子芹,治疗,腹胀
太白棱子芹,治疗,白带
三白草,治疗,尿路感染
三白草,治疗,尿路结石
三白草,治疗,脚气水肿
三白草,治疗,营养性水肿
三白草,治疗,痈疮疖肿
三白草,治疗,皮肤湿疹
藤山柳属,治疗,肠痈
藤山柳属,治疗,背痈
西归芹,治疗,跌打损伤
西归芹,治疗,贫血
小扁豆,治疗,疟疾
小扁豆,治疗,身体虚弱
田方骨,治疗,跌打损伤
田方骨,治疗,骨折
贴生石韦,治疗,腮腺炎
贴生石韦,治疗,瘰疬
条裂铁线蕨,治疗,淋浊
条裂铁线蕨,治疗,淋巴结核
条裂铁线蕨,治疗,镇咳
铁线莲,治疗,痛风
铁线莲,治疗,虫蛇咬伤
铁仔,治疗,风火牙痛
铁仔,治疗,咽喉痛
铁仔,治疗,脱肛
铁仔,治疗,子宫脱垂
铁仔,治疗,肠炎
铁仔,治疗,痢疾
铁仔,治疗,红淋
铁仔,治疗,风湿
铁仔,治疗,虚劳
铁仔,治疗,刀伤
通天连,治疗,跌打
通天连,治疗,疮疥
通天连,治疗,手指疮
铜锤玉带草,治疗,风湿
铜锤玉带草,治疗,跌打损伤
西南银莲花,治疗,跌打损伤
头花猪屎豆,治疗,跌打损伤
头花猪屎豆,治疗,关节肿痛
异色黄芩,治疗,感冒
异色黄芩,治疗,高热
异色黄芩,治疗,胃肠炎
异色黄芩,治疗,咽喉肿痛
异色黄芩,治疗,中耳炎
西南风铃草,治疗,风湿
兔儿伞,治疗,腰腿疼痛
兔儿伞,治疗,跌打损伤
橐吾属,治疗,支气管炎
橐吾属,治疗,咳喘
橐吾属,治疗,肺结核
橐吾属,治疗,咯血
娃儿藤,治疗,风湿腰痛
娃儿藤,治疗,跌打损伤
娃儿藤,治疗,胃痛
娃儿藤,治疗,哮喘
娃儿藤,治疗,毒蛇咬伤
云南沉香,治疗,消化不良
云南沉香,治疗,胃胀
云南沉香,治疗,气痛
弯花筋骨草,治疗,痢疾
文殊兰,治疗,跌打损伤
文殊兰,治疗,风热头痛
文殊兰,治疗,热毒疮肿
蚊母草,治疗,跌打损伤
蚊母草,治疗,瘀血肿痛
蚊母草,治疗,骨折
双叶细辛,治疗,胃痛
五月茶,治疗,跌打损伤
巫溪紫堇,治疗,无名肿毒
五彩芋,治疗,骨折
蛇含委陵菜,治疗,疮毒
蛇含委陵菜,治疗,痛肿
蛇含委陵菜,治疗,蛇虫咬伤
五匹青,治疗,腰痛
尖叶五匹青,治疗,跌打损伤
毛叶五匹青,治疗,淋巴结核
五叶参,治疗,风湿关节痛
鹰爪花,治疗,疟疾
山地虎耳草,治疗,头痛
山地虎耳草,治疗,神经痛
山葛薯,治疗,跌打损伤
三对节,治疗,疟疾
三对节,治疗,痢疾
三对节,治疗,头痛
三对节,治疗,眼炎
三对节,治疗,跌打
三对节,治疗,风湿
三对节,治疗,黄水疮
三台花,治疗,疟疾
三花莸,治疗,外感头痛
三花莸,治疗,咳嗽
三花莸,治疗,外障目翳
三花莸,治疗,烫伤
三尖杉科,治疗,白血病
三尖杉科,治疗,淋巴肉瘤
三叶香草,治疗,风湿
三叶香草,治疗,跌打
三叶香草,治疗,骨折
三叶崖爬藤,治疗,病毒性脑膜炎
三叶崖爬藤,治疗,乙型脑炎
三叶崖爬藤,治疗,病毒性肺炎
三叶崖爬藤,治疗,黄胆性肝炎
三枝九叶草,治疗,阳痿
三枝九叶草,治疗,白带
三枝九叶草,治疗,牛马阳痿
三枝九叶草,治疗,神经衰弱
三枝九叶草,治疗,歇斯底里
伞房花耳草,治疗,疮疖
伞房花耳草,治疗,痈肿
伞房花耳草,治疗,毒蛇咬伤
伞花马钱,治疗,风湿寒痹
伞花马钱,治疗,寒湿肾水肿
伞形科,治疗,冠心病
伞形科,治疗,肿瘤
伞形科,治疗,白斑病
石蝉草,治疗,跌打刀伤
石蝉草,治疗,烧烫伤
散血芹,治疗,刀伤
散血芹,治疗,烫伤
扫帚岩须,治疗,气喘
沙参,治疗,心脾痛
沙参,治疗,头痛
沙参,治疗,妇女白带
斜茎黄耆,治疗,神经衰弱
沙棘属,治疗,咳嗽痰多
沙棘属,治疗,肺脓肿
沙棘属,治疗,肺结核
沙棘属,治疗,气管炎
沙针,治疗,跌打刀伤
山梗菜,治疗,毒蛇咬伤
山橘,治疗,风寒咳嗽
山橘,治疗,胃气痛
山蒟,治疗,风湿
山蒟,治疗,咳嗽
山蒟,治疗,感冒
山飘风,治疗,鼻出血
山芹,治疗,腰膝酸痛
山芹,治疗,感冒头痛
中华山紫茉莉,治疗,肾炎水肿
中华山紫茉莉,治疗,淋病
珊瑚苣苔,治疗,跌打损伤
少花柏拉木,治疗,疮疥
少穗竹,治疗,小儿惊风
蛇床,治疗,皮肤湿疹
蛇床,治疗,阴道滴虫
蛇床,治疗,肾虚阳痿
蛇胆草,治疗,咳嗽
蛇根木,治疗,高血压
四孔草,治疗,毒蛇咬伤
荷叶铁线蕨,治疗,黄疸型肝炎
荷叶铁线蕨,治疗,泌尿系统感染
荷叶铁线蕨,治疗,尿路结石
荷叶铁线蕨,治疗,中耳炎
圣罗勒,治疗,头痛
穗花香科科,治疗,外感风寒
石花,治疗,湿热疥症
石花,治疗,疮毒
紫花碎米荠,治疗,黄水疮
紫花碎米荠,治疗,筋骨疼痛
石砾唐松草,治疗,发烧
石龙芮,治疗,痈肿
石龙芮,治疗,疮毒
石南藤,治疗,风湿痹痛
石南藤,治疗,腰腿痛
石山豆腐柴,治疗,风湿
石山苣苔,治疗,咳嗽
石蒜属,治疗,小儿麻痹后遗症
石蒜属,治疗,肿毒
疏果石丁香,治疗,跌打
柿科,治疗,呃逆
柿科,治疗,咽喉痛
柿科,治疗,咳嗽咽干
柿,治疗,呃逆
柿,治疗,夜尿症
鼠麴草,治疗,气喘
鼠麴草,治疗,支气管炎
鼠麴草,治疗,非传染性溃疡
鼠麴草,治疗,创伤
薯莨,治疗,跌打损伤
薯莨,治疗,血瘀气滞
薯莨,治疗,月经不调
薯莨,治疗,妇女血崩
薯莨,治疗,咳嗽咳血
薯莨,治疗,半身麻木
薯莨,治疗,风湿
水甘草,治疗,小儿风热
水甘草,治疗,丹毒疮
疏叶香根芹,治疗,风寒感冒
疏叶香根芹,治疗,头顶痛
疏叶香根芹,治疗,周身疼痛
水翁,治疗,感冒
水翁,治疗,黄疽性肝炎
水田白,治疗,咳嗽
细叶水团花,治疗,菌痢
细叶水团花,治疗,肺热咳嗽
水苎麻,治疗,牛软脚症
糙叶水苎麻,治疗,风湿痛
糙叶水苎麻,治疗,毒疮
思茅山橙,治疗,小儿脑膜炎
思茅山橙,治疗,骨折
四瓣马齿苋,治疗,肠炎
四瓣马齿苋,治疗,腹泻
四瓣马齿苋,治疗,内痔出血
四棱草属,治疗,风湿筋骨疼痛
四叶葎,治疗,尿路感染
四叶葎,治疗,赤白带下
四叶葎,治疗,痢疾
四叶葎,治疗,痈肿
四叶葎,治疗,跌打损伤
松柏钝果寄生,治疗,风湿性关节炎
松柏钝果寄生,治疗,胃痛
松叶耳草,治疗,小儿疳积
松叶耳草,治疗,潮热
松叶耳草,治疗,跌打刀伤
宿苞豆,治疗,感冒咳嗽
宿苞豆,治疗,乳腺炎
宿苞豆,治疗,肺结核
宿苞豆,治疗,慢性支气管炎
光宿苞豆,治疗,感冒咳嗽
光宿苞豆,治疗,咽炎
光宿苞豆,治疗,乳痈
光宿苞豆,治疗,肺结核
粟米草,治疗,腹痛泄泻
粟米草,治疗,皮肤热疹
粟米草,治疗,火眼
粟米草,治疗,蛇伤
酸藤子,治疗,跌打肿痛
酸藤子,治疗,肠炎腹泻
酸藤子,治疗,咽喉炎
酸藤子,治疗,胃酸少
酸藤子,治疗,痛经闭经
酸藤子,治疗,牛伤食腹胀
酸藤子,治疗,热病口渴
蒜味香科科,治疗,肺病
窄叶泽泻,治疗,皮肤疱疹
窄叶泽泻,治疗,小便不通
窄叶泽泻,治疗,水肿
窄叶泽泻,治疗,蛇咬伤
豨莶,治疗,全身酸痛
豨莶,治疗,四肢麻痹
掌叶铁线蕨,治疗,小便不利
掌叶铁线蕨,治疗,淋症
掌叶铁线蕨,治疗,牙痛
掌叶铁线蕨,治疗,月经过多
掌叶铁线蕨,治疗,肺热咳嗽
珍珠伞,治疗,骨折
珍珠伞,治疗,跌打
珍珠伞,治疗,白喉
珍珠伞,治疗,咽喉肿痛
珍珠伞,治疗,胃溃疡
珍珠伞,治疗,急性肠炎
小花紫草,治疗,关节炎
柚木,治疗,皮肤病
柚木,治疗,煎水
喜马拉雅虎耳草,治疗,肺结核
喜马拉雅虎耳草,治疗,脓胸
止泻木,治疗,痢疾
柊叶,治疗,肝肿大
柊叶,治疗,痢疾
柊叶,治疗,喉痛
钟萼白头翁,治疗,细菌性痢疾
钟萼白头翁,治疗,淋巴结核
周毛悬钩子,治疗,风湿
帚枝唐松草,治疗,胃痛
朱唇,治疗,血崩
朱唇,治疗,高热
竹叶花椒,治疗,风湿性关节炎
竹叶花椒,治疗,牙痛
竹叶花椒,治疗,跌打肿痛
苎麻,治疗,创伤出血
苎麻,治疗,急性淋浊
苎麻,治疗,尿道炎出血
孜然芹,治疗,消化不良
孜然芹,治疗,胃寒腹痛
梓木草,治疗,疔疮
梓木草,治疗,支气管炎
梓木草,治疗,消化不良
紫草,治疗,麻疹不透
紫草,治疗,斑疹
紫草,治疗,便秘
紫草,治疗,腮腺炎
紫草,治疗,烧烫伤
紫萼,治疗,胃痛
紫萼,治疗,跌打损伤
紫萍,治疗,感冒发热
紫萍,治疗,无汗
紫萍,治疗,斑疹不透
紫萍,治疗,水肿
紫萍,治疗,小便不利
紫萍,治疗,皮肤湿热
细叶沙参,治疗,心脾痛
细叶沙参,治疗,头痛
细叶沙参,治疗,妇女白带
禺毛茛,治疗,黄疽
鸭儿芹,治疗,虚弱
鸭儿芹,治疗,尿闭
鸭儿芹,治疗,肿毒
芫花,治疗,水肿
芫花,治疗,祛痰药
岩白翠,治疗,头痛
岩乌头,治疗,跌打损伤
砚壳花椒,治疗,多类痛症
砚壳花椒,治疗,跌打扭伤
艳山姜,治疗,消化不良
羊红膻,治疗,头昏
羊红膻,治疗,心悸
羊舌树,治疗,感冒
药用狗牙花,治疗,肚痛
药用牛舌草,治疗,狂犬咬伤
药用牛舌草,治疗,牙痛
野棉花,治疗,跌打损伤
野棉花,治疗,风湿关节痛
野棉花,治疗,肠炎
野棉花,治疗,痢疾
野棉花,治疗,蛔虫病
野棉花,治疗,灭蝇蛆
野牡丹,治疗,消化不良
野牡丹,治疗,肠炎腹泻
野牡丹,治疗,痢疾便血
野木瓜,治疗,腋部生痈
野木瓜,治疗,膀胱炎
野木瓜,治疗,风湿骨痛
野木瓜,治疗,跌打损伤
野木瓜,治疗,水肿脚气
野木瓜属,治疗,咳嗽
野木瓜属,治疗,痢疾
线萼金花树,治疗,水肿
线萼金花树,治疗,月经不调
夜香木兰,治疗,风湿跌打
夜来香,治疗,结膜炎
夜来香,治疗,疳积上眼症
一枝黄花,治疗,毒蛇咬伤
异叶亚菊,治疗,小儿惊风
异叶亚菊,治疗,风湿麻木
异叶亚菊,治疗,阑尾炎
益智,治疗,泄泻
益智,治疗,腹痛
益智,治疗,呕吐
益智,治疗,食欲不振
益智,治疗,遗尿
莸叶醉鱼草,治疗,肾虚
莸叶醉鱼草,治疗,眼雾
莸叶醉鱼草,治疗,见风流泪
莸叶醉鱼草,治疗,白带病
余甘子,治疗,咳嗽
余甘子,治疗,喉痛
余甘子,治疗,皮炎
余甘子,治疗,湿疹
余甘子,治疗,风湿痛
鱼眼草,治疗,小儿消化不良
羽裂唇柱苣苔,治疗,跌打损伤
玉簪,治疗,乳腺炎
玉簪,治疗,中耳炎
玉簪,治疗,疮痈肿毒
玉簪,治疗,溃疡
拉拉藤,治疗,淋浊
拉拉藤,治疗,尿血
拉拉藤,治疗,跌打损伤
拉拉藤,治疗,肠痈
拉拉藤,治疗,疖肿
拉拉藤,治疗,中耳炎
圆叶娃儿藤,治疗,风湿
圆叶娃儿藤,治疗,跌打损伤
圆叶娃儿藤,治疗,四肢麻痹
月季花,治疗,月经不调
月季花,治疗,痛经
月季花,治疗,痛疖肿毒
月季花,治疗,跌打损伤
小芸木,治疗,感冒
小芸木,治疗,咳嗽
小芸木,治疗,风湿骨痛
小芸木,治疗,胃痛
小芸木,治疗,跌打肿痛
月月红,治疗,感冒咳嗽
月月红,治疗,蛾喉
云台南星,治疗,无名肿毒初起
云台南星,治疗,面神经麻痹
云台南星,治疗,毒蛇咬伤
云台南星,治疗,神经性皮炎
芸香科,治疗,毒蛇咬伤
西藏沙棘,治疗,肝炎
阔叶八角枫,治疗,风湿
阔叶八角枫,治疗,跌打损伤
西南毛茛,治疗,疟疾
西南铁线莲,治疗,水肿
西南铁线莲,治疗,膀胧炎
西南铁线莲,治疗,尿道炎
西南铁线莲,治疗,口舌疮
西南铁线莲,治疗,久痢
西南铁线莲,治疗,脱肛
西南铁线莲,治疗,乳汁不通
细柄十大功劳,治疗,黄水疮
细柄十大功劳,治疗,虫牙
细木通,治疗,疟疾
细辛属,治疗,风寒头痛
细辛属,治疗,痰饮咳喘
细辛属,治疗,关节疼痛
细辛属,治疗,牙痛
细叶白头翁,治疗,细菌性痢疾
细叶白头翁,治疗,阿米巴痢疾
细叶白头翁,治疗,痔疮出血
细叶白头翁,治疗,淋巴结核
细叶白头翁,治疗,风湿性关节炎
细叶小檗,治疗,痢疾
细叶小檗,治疗,黄疽
细叶小檗,治疗,关节肿痛
细蝇子草,治疗,小便不利
细蝇子草,治疗,尿痛
细蝇子草,治疗,尿血
细蝇子草,治疗,经闭
大花细蝇子草,治疗,小便不利
大花细蝇子草,治疗,尿痛
大花细蝇子草,治疗,尿血
大花细蝇子草,治疗,经闭
狭顶鳞毛蕨,治疗,痢疾
狭顶鳞毛蕨,治疗,跌打损伤
狭序唐松草,治疗,传染性肝炎
狭序唐松草,治疗,痈肿疮疖
狭叶瓶尔小草,治疗,无名肿毒
腺毛唐松草,治疗,结膜炎
腺毛唐松草,治疗,传染性肝炎
腺毛唐松草,治疗,痈肿疮疖
香蜂花,治疗,头痛
香蜂花,治疗,牙痛
香芙木,治疗,骨折
响铃豆,治疗,跌打损伤
响铃豆,治疗,关节肿痛
小八角莲,治疗,劳伤
小齿锥花,治疗,肺炎
小齿锥花,治疗,气管炎
小齿锥花,治疗,肾炎
小齿锥花,治疗,膀胱炎
小齿锥花,治疗,尿路感染
小齿锥花,治疗,结石
小花琉璃草,治疗,急性肾炎
小花琉璃草,治疗,月经不调
小花耧斗菜,治疗,妇女病
小鸡藤,治疗,坐骨神经痛
小鸡藤,治疗,筋骨疼痛
小梾木,治疗,烫伤
小梾木,治疗,火烧伤
小蓑衣藤,治疗,跌打损伤
小蓑衣藤,治疗,痕滞疼痛
小蓑衣藤,治疗,风湿性筋骨痛
小蓑衣藤,治疗,肢体麻木
小叶唇柱苣苔,治疗,小儿疳积
小叶黑面神,治疗,哮喘
小叶黑面神,治疗,咽喉肿痛
小叶黑面神,治疗,湿疹
小叶女贞,治疗,烫伤
小叶女贞,治疗,外伤
小鱼眼草,治疗,小儿消化不良
心叶兔儿风,治疗,膝关节痛
心叶小花苣苔,治疗,烫伤
新疆阿魏,治疗,虫积
新疆阿魏,治疗,肉积
新疆阿魏,治疗,心腹冷痛
新疆阿魏,治疗,疟疾
新疆阿魏,治疗,痢疾
新疆阿魏,治疗,关节疼痛
兴安升麻,治疗,麻疹
兴安升麻,治疗,斑疹不透
兴安升麻,治疗,胃火牙痛
杏香兔儿风,治疗,肺病吐血
杏香兔儿风,治疗,跌打损伤
熊耳草,治疗,咽喉痛
红毛兔儿风,治疗,感冒
红毛兔儿风,治疗,支气管炎
红毛兔儿风,治疗,头痛
红毛兔儿风,治疗,消化不良
锈毛旋覆花,治疗,肌肉神经痛
锈色蛛毛苣苔,治疗,咳嗽
锈色蛛毛苣苔,治疗,劳伤
锈色蛛毛苣苔,治疗,痈疮红肿
叙永小檗,治疗,大热毒症
旋花羊角拗,治疗,心脏病
峨参,治疗,脾虚食胀
峨参,治疗,肺虚咳喘
峨参,治疗,水肿
峨眉半蒴苣苔,治疗,痈
峨眉唐松草,治疗,疟疾寒热
峨眉唐松草,治疗,湿热发黄
峨眉唐松草,治疗,腹痛泻痢
毛梗川黔翠雀花,治疗,无名肿毒
莪术,治疗,气血凝滞
莪术,治疗,心腹胀痛
莪术,治疗,宿食不消
莪术,治疗,跌打损伤
柳叶白前,治疗,肺病
柳叶白前,治疗,小儿疳积
柳叶白前,治疗,感冒咳嗽
柳叶白前,治疗,慢性支气管炎
无心菜,治疗,麦粒肿
无心菜,治疗,咽喉痛
鹅肠菜,治疗,疖疮
天胡荽,治疗,黄疸
天胡荽,治疗,赤白痢疾
天胡荽,治疗,目翳
天胡荽,治疗,喉肿
天胡荽,治疗,痈疽疔疮
天胡荽,治疗,跌打瘀伤
破铜钱,治疗,砂淋
破铜钱,治疗,黄疸
破铜钱,治疗,肝炎
破铜钱,治疗,肾炎
破铜钱,治疗,肝火头痛
破铜钱,治疗,火眼
破铜钱,治疗,百日咳
乌头,治疗,大汗亡阳
乌头,治疗,四肢厥逆
乌头,治疗,霍乱转筋
乌头,治疗,脉微欲绝
乌头,治疗,腰膝冷痛
乌头,治疗,阳痿
乌头,治疗,水肿
乌头,治疗,泄泻久痢
乌头,治疗,脘腹冷痛
乌头,治疗,形寒畏冷
乌头,治疗,精神不振
乌头,治疗,风寒湿痹
乌头,治疗,脚气
乌头,治疗,中风
乌头,治疗,拘挛疼痛
乌头,治疗,半身不遂
乌头,治疗,癫癎
黄山乌头,治疗,跌打损伤
黄山乌头,治疗,无名肿毒
黄山乌头,治疗,箭毒
檫木,治疗,扭挫伤
檫木,治疗,腰肌劳伤
土荆芥,治疗,蛔虫病
土荆芥,治疗,钩虫病
土荆芥,治疗,蛲虫病
鹅毛玉凤花,治疗,腰痛
鹅毛玉凤花,治疗,疝气
蕨麻,治疗,贫血
蕨麻,治疗,营养不良
鹅掌草,治疗,跌打损伤
痄腮树,治疗,腮腺炎
痄腮树,治疗,皮炎
鹅掌柴,治疗,流感
鹅掌柴,治疗,跌打损伤
白簕,治疗,感冒
白簕,治疗,咳嗽
白簕,治疗,风湿
白簕,治疗,坐骨神经痛
爪哇唐松草,治疗,关节炎
爪哇唐松草,治疗,跌打
美丽唐松草,治疗,炭疽病
鳄嘴花,治疗,跌打
鳄嘴花,治疗,贫血
鳄嘴花,治疗,黄疽
鳄嘴花,治疗,风湿
重齿当归,治疗,风寒湿痹
重齿当归,治疗,腰膝酸痛
重齿当归,治疗,头痛
重齿当归,治疗,齿痛
酒饼簕,治疗,支气管炎
酒饼簕,治疗,风寒咳嗽
酒饼簕,治疗,感冒发热
酒饼簕,治疗,风湿关节炎
酒饼簕,治疗,慢性胃炎
酒饼簕,治疗,胃溃疡
酒饼簕,治疗,跌打肿痛
白花丹,治疗,风湿跌打
白花丹,治疗,筋骨疼痛
白花丹,治疗,癣疥恶疮
白花丹,治疗,蛇咬伤
白花丹,治疗,孑孓
白花丹,治疗,蝇蛆
耳叶马兜铃,治疗,喉炎
牛皮消,治疗,神经衰弱
牛皮消,治疗,十二指肠溃疡
牛皮消,治疗,肾炎
牛皮消,治疗,水肿
耳状人字果,治疗,母猪疯
忍冬,治疗,小儿胎毒
忍冬,治疗,疮疖
忍冬,治疗,发热口喝
忍冬,治疗,温热痧痘
忍冬,治疗,血痢
二裂委陵菜,治疗,功能性子宫出血
二裂委陵菜,治疗,产后出血过多
赶山鞭,治疗,跌打损伤
红花绿绒蒿,治疗,遗精
红花绿绒蒿,治疗,白带
红花绿绒蒿,治疗,肝硬化
假朝天罐,治疗,痢疾
假朝天罐,治疗,淋病
阿尔泰银莲花,治疗,癫癎
阿尔泰银莲花,治疗,神经衰弱
阿尔泰银莲花,治疗,风湿关节痛
罂粟,治疗,久咳
罂粟,治疗,久泻
罂粟,治疗,久痢
罂粟,治疗,脱肛
罂粟,治疗,心腹筋骨诸痛
糖胶树,治疗,疟疾
糖胶树,治疗,头痛
糖胶树,治疗,伤风
糖胶树,治疗,痧气
糖胶树,治疗,肺炎
糖胶树,治疗,百日咳
糖胶树,治疗,慢性支气管炎
蜀葵,治疗,吐血
蜀葵,治疗,血崩
茵芋,治疗,风湿
茵芋,治疗,肾炎
茵芋,治疗,水肿
篦子三尖杉,治疗,白血病
篦子三尖杉,治疗,淋巴肉瘤
链珠藤,治疗,风火
链珠藤,治疗,齿痛
链珠藤,治疗,风湿性关节痛
链珠藤,治疗,胃痛
链珠藤,治疗,跌打损伤
阿米芹,治疗,尿泌系统疾患
阿米芹,治疗,通经
全缘叶绿绒蒿,治疗,胃中反酸
黑虎耳草,治疗,肺部疾病
紫金牛,治疗,肺结核
紫金牛,治疗,咯血
紫金牛,治疗,咳嗽
紫金牛,治疗,跌打风湿
紫金牛,治疗,黄胆肝炎
紫金牛,治疗,睾丸炎
紫金牛,治疗,白带
紫金牛,治疗,闭经
紫金牛,治疗,尿路感染
九节龙,治疗,跌打损伤
九节龙,治疗,月经不调
九节龙,治疗,黄疸
九节龙,治疗,蛇咬伤
矮地榆,治疗,痛经
地枫皮,治疗,风湿性关节痛
地枫皮,治疗,腰肌劳损
矮金莲花,治疗,伤风
矮金莲花,治疗,感冒
罗勒,治疗,胃痛
罗勒,治疗,胃痉挛
罗勒,治疗,胃肠胀气
罗勒,治疗,消化不良
罗勒,治疗,肠炎腹泻
罗勒,治疗,外感风寒
罗勒,治疗,头痛
罗勒,治疗,胸痛
罗勒,治疗,跌打损伤
罗勒,治疗,瘀肿
罗勒,治疗,风湿性关节炎
罗勒,治疗,肾脏炎
罗勒,治疗,蛇咬伤
罗勒,治疗,煎水
罗勒,治疗,湿疹
罗勒,治疗,皮炎
罗勒,治疗,目翳
齿叶矮冷水花,治疗,蛇咬伤
野拔子,治疗,伤风感冒
野拔子,治疗,消化不良
野拔子,治疗,腹痛腹胀
野拔子,治疗,上吐下泻
野拔子,治疗,胃肠炎
野拔子,治疗,绞肠痧
野拔子,治疗,伤寒发热
野拔子,治疗,痢疾
野拔子,治疗,鼻衄
野拔子,治疗,咳血
野拔子,治疗,产后腹痛
野拔子,治疗,外伤出血
野拔子,治疗,烂疮
野拔子,治疗,蛇咬伤
算盘子,治疗,痢疾
算盘子,治疗,腹泻
算盘子,治疗,感冒发热
算盘子,治疗,咳嗽
算盘子,治疗,食滞腹痛
算盘子,治疗,湿热腰痛
算盘子,治疗,跌打损伤
算盘子,治疗,氙气
矮紫金牛,治疗,头痛
矮紫金牛,治疗,便血
艾叶火绒草,治疗,扁桃腺炎
艾叶火绒草,治疗,咽炎极有效
安龙香科科,治疗,小儿消化不良
安龙香科科,治疗,腹胀病
石榴,治疗,慢性下痢
石榴,治疗,肠痔出血
九节,治疗,扁挑体炎
九节,治疗,白喉
九节,治疗,疮疡肿毒
九节,治疗,风湿疼痛
九节,治疗,跌打损伤
九节,治疗,感冒发热
九节,治疗,咽喉肿痛
九节,治疗,胃痛
九节,治疗,痢疾
九节,治疗,痔疮
凹脉马兜铃,治疗,胃痛
凹脉马兜铃,治疗,风湿痛
凹脉马兜铃,治疗,跌打肿痛
凹脉马兜铃,治疗,肠炎
凹脉马兜铃,治疗,小儿麻痹后遗症
凹叶景天,治疗,跌打损伤
凹叶景天,治疗,热疖
凹叶景天,治疗,疮毒
吊裙草,治疗,关节肿痛
小叶棘豆,治疗,黄疸
小叶棘豆,治疗,肝炎
小叶棘豆,治疗,炭疽
小叶棘豆,治疗,便血
小叶棘豆,治疗,肠炎腹泻
小叶棘豆,治疗,创伤出血
小叶棘豆,治疗,疮疖痈疽
甘青报春,治疗,神经痛
甘青报春,治疗,关节痛
甘青报春,治疗,高血压
甘青报春,治疗,烫伤
甘青报春,治疗,疮疖
橄榄,治疗,喉头炎
橄榄,治疗,咳血
橄榄,治疗,烦渴
橄榄,治疗,肠炎腹泻
橄榄,治疗,鱼骨鲠喉
小升麻,治疗,劳伤内损
小升麻,治疗,疖毒
蝴蝶花,治疗,小儿发烧
蝴蝶花,治疗,肺病咳血
蝴蝶花,治疗,喉痛
蝴蝶花,治疗,外伤瘀血
毛菍,治疗,便血
毛菍,治疗,妇女血崩
毛菍,治疗,疮疖
毛菍,治疗,毛虫毒
康定五加,治疗,风湿性关节痛
康定五加,治疗,跌打损伤
南烛,治疗,刀斧砍伤
木蝴蝶,治疗,心气痛
木蝴蝶,治疗,肝气痛
木蝴蝶,治疗,支气管炎
木蝴蝶,治疗,十二指肠溃疡
活血丹,治疗,膀胱结石
活血丹,治疗,尿路结石
活血丹,治疗,跌打损伤
活血丹,治疗,骨折
活血丹,治疗,外伤出血
活血丹,治疗,风癣
活血丹,治疗,小儿惊癎
活血丹,治疗,慢性肺炎
绣球防风,治疗,肝气郁结
绣球防风,治疗,痢疾
绣球防风,治疗,小儿疳积
绣球防风,治疗,脱肛
绣球防风,治疗,感冒风寒
绣球防风,治疗,疮疡肿毒
绣球防风,治疗,无名肿毒
绣球防风,治疗,骨折
刻叶紫堇,治疗,疮癣
刻叶紫堇,治疗,蛇蛟伤
博落回,治疗,跌打损伤
博落回,治疗,关节炎
博落回,治疗,恶疮
博落回,治疗,稻椿象
博落回,治疗,稻苞虫
空桶参,治疗,跌打损伤
空桶参,治疗,咽喉肿痛
蕹菜,治疗,骨折
蕹菜,治疗,腹水
蕹菜,治疗,无名肿毒
高乌头,治疗,心悸
高乌头,治疗,胃气痛
高乌头,治疗,跌打损伤
古钩藤,治疗,乳癌
古钩藤,治疗,疮毒
少花龙葵,治疗,喉痛
半夏,治疗,咳嗽痰多
半夏,治疗,恶心呕吐
半夏,治疗,急性乳腺炎
半夏,治疗,急慢性化浓性中耳炎
半夏,治疗,锁喉癀
江南山梗菜,治疗,痈肿疮毒
江南山梗菜,治疗,胃寒痛
江南山梗菜,治疗,毒蛇咬伤
南山藤,治疗,胃热
南山藤,治疗,胃痛
散瘀草,治疗,慢性肝炎
散瘀草,治疗,尿路感染
散瘀草,治疗,口腔炎
散瘀草,治疗,疮疡肿毒
倒吊笔,治疗,颈淋巴结
倒吊笔,治疗,风湿性关节炎
金疮小草,治疗,痈疽疔疮
金疮小草,治疗,火眼
金疮小草,治疗,乳痈
金疮小草,治疗,鼻衄
金疮小草,治疗,咽喉炎
金疮小草,治疗,肠胃炎
金疮小草,治疗,急性结膜炎
金疮小草,治疗,烫伤
金疮小草,治疗,狗咬伤
金疮小草,治疗,毒蛇咬伤
金疮小草,治疗,外伤出血
石椒草,治疗,腹胀痛
苦苣苔,治疗,毒蛇咬伤
长叶冻绿,治疗,顽癣
长叶冻绿,治疗,疥疮
楝,治疗,疥癣
菜豆树,治疗,高热
菜豆树,治疗,跌打损伤
菜豆树,治疗,毒蛇咬伤
菜豆树,治疗,牛炭疽病
变色马兜铃,治疗,喉炎
变色马兜铃,治疗,肠炎
变色马兜铃,治疗,腹泻
黄牛奶树,治疗,感冒
过江藤,治疗,咳嗽
过江藤,治疗,吐血
过江藤,治疗,通淋
过江藤,治疗,痢疾
过江藤,治疗,牙痛
过江藤,治疗,疖毒
过江藤,治疗,枕痛
过江藤,治疗,带状疮疹
过江藤,治疗,跌打损伤
苦绳,治疗,外伤肿痛
苦绳,治疗,痈疖
苦绳,治疗,骨折
宽瓣金莲花,治疗,眼疾
宽瓣金莲花,治疗,夜盲
宽瓣金莲花,治疗,黄疸病
尖叶长柄山蚂蝗,治疗,风湿骨痛
尖叶长柄山蚂蝗,治疗,咳嗽吐血
四川长柄山蚂蝗,治疗,疟疾
宽序崖豆藤,治疗,疮毒
宽序崖豆藤,治疗,白带
宽序崖豆藤,治疗,便血
宽叶独行菜,治疗,菌痢
宽叶独行菜,治疗,肠炎
青蛇藤,治疗,腰痛
青蛇藤,治疗,风湿麻木
青蛇藤,治疗,跌打损伤
青蛇藤,治疗,蛇咬伤
宽叶金粟兰,治疗,跌打损伤
宽叶金粟兰,治疗,痛经
宽叶金粟兰,治疗,癞痢头
宽叶金粟兰,治疗,疮
宽叶金粟兰,治疗,毒蛇咬伤
水苏,治疗,百日咳
水苏,治疗,扁桃体炎
水苏,治疗,咽喉炎
水苏,治疗,痢疾
东北红豆杉,治疗,糖尿病
萝芙木,治疗,高血压
萝芙木,治疗,高热症
萝芙木,治疗,胆囊炎
萝芙木,治疗,急性黄疸型肝炎
萝芙木,治疗,头痛
萝芙木,治疗,失眠
萝芙木,治疗,玄晕
萝芙木,治疗,癫癎
萝芙木,治疗,疟疾
萝芙木,治疗,蛇咬伤
萝芙木,治疗,跌打损伤
药用萝芙木,治疗,伤寒
药用萝芙木,治疗,疟疾
药用萝芙木,治疗,感冒
药用萝芙木,治疗,头痛
药用萝芙木,治疗,胃痛
药用萝芙木,治疗,咳嗽
药用萝芙木,治疗,肚痛
药用萝芙木,治疗,蛇伤
海南萝芙木,治疗,高血压
海南萝芙木,治疗,白带
海南萝芙木,治疗,淋浊
海南萝芙木,治疗,月经不调
海南萝芙木,治疗,疝气
海南萝芙木,治疗,喉痛
黄草乌,治疗,跌打损伤
黄草乌,治疗,风湿
深裂黄草乌,治疗,风湿关节痛
深裂黄草乌,治疗,毒疮
金铁锁,治疗,跌打损伤
金铁锁,治疗,胃疼
血水草,治疗,劳伤咳嗽
血水草,治疗,跌打损伤
血水草,治疗,毒蛇咬伤
血水草,治疗,便血
血水草,治疗,痢疾
剪红纱花,治疗,跌打损伤
剪红纱花,治疗,热淋
剪红纱花,治疗,小便不利
剪红纱花,治疗,感冒
剪红纱花,治疗,风湿关节炎
剪红纱花,治疗,腹泻
风湿木,治疗,风湿
番杏,治疗,肠炎
番杏,治疗,败血症
番杏,治疗,疔疮红肿
番杏,治疗,风热目赤
南瓜,治疗,牙痛
番荔枝,治疗,急性赤痢
番荔枝,治疗,精神抑郁
番荔枝,治疗,脊髓骨病
假连翘,治疗,疟疾
假连翘,治疗,跌打胸痛
翻白叶树,治疗,风湿性关节炎
落葵,治疗,痈毒
落葵,治疗,乳头破裂
反枝苋,治疗,腹泻
反枝苋,治疗,痢疾
反枝苋,治疗,痔疮肿痛出血
匙羹藤,治疗,风湿痹痛
匙羹藤,治疗,脉管炎
匙羹藤,治疗,毒蛇咬伤
匙羹藤,治疗,痔疮
旋花,治疗,白带
旋花,治疗,白浊
旋花,治疗,疝气
旋花,治疗,疖疮
糯米团,治疗,消化不良
糯米团,治疗,食积胃痛
血见愁,治疗,蛇伤
悬铃叶苎麻,治疗,外伤出血
悬铃叶苎麻,治疗,跌打肿痛
悬铃叶苎麻,治疗,风疹
悬铃叶苎麻,治疗,荨麻疹
防风,治疗,感冒
防风,治疗,头痛
防风,治疗,周身关节痛
防风,治疗,神经痛
黄水枝,治疗,痈疖肿毒
黄水枝,治疗,跌打损伤
黄水枝,治疗,咳嗽气喘
杯叶西番莲,治疗,跌打
小果唐松草,治疗,跌打损伤
飞蛾藤,治疗,无名肿毒
飞蛾藤,治疗,劳伤疼痛
飞蛾藤,治疗,高烧
萝藦,治疗,劳伤
萝藦,治疗,虚弱
萝藦,治疗,腰腿疼痛
萝藦,治疗,白带
萝藦,治疗,咳嗽
萝藦,治疗,跌打
萝藦,治疗,蛇咬
萝藦,治疗,疔疮
萝藦,治疗,瘰疬
萝藦,治疗,阳萎
萝藦,治疗,小儿疳积
萝藦,治疗,疔肿
萝藦,治疗,虚劳
飞龙掌血,治疗,感冒风寒
飞龙掌血,治疗,胃痛
飞龙掌血,治疗,风湿骨痛
飞龙掌血,治疗,跌打损伤
飞龙掌血,治疗,咯血
楤木,治疗,胃炎
楤木,治疗,肾炎
楤木,治疗,风湿疼痛
楤木,治疗,刀伤
黑龙骨,治疗,风湿性关节炎
黑龙骨,治疗,跌打损伤
黑龙骨,治疗,胃痛
黑龙骨,治疗,消化不良
黑龙骨,治疗,闭经
黑龙骨,治疗,疟疾
蝙蝠草,治疗,肺结核
蝙蝠草,治疗,虫蛇咬伤
飞扬草,治疗,痢疾
飞扬草,治疗,肠炎
飞扬草,治疗,皮肤湿疹
飞扬草,治疗,皮炎
飞扬草,治疗,疖肿
飞扬草,治疗,癣类
白叶藤,治疗,蛇伤
白叶藤,治疗,跌打刀伤
白叶藤,治疗,疮疥
白叶藤,治疗,肺结核咳血
白叶藤,治疗,胃出血
瓜馥木,治疗,跌打损伤
瓜馥木,治疗,关节炎
肥皂草,治疗,气管炎
肥皂荚,治疗,疮癣
肥皂荚,治疗,肿毒
香茶菜,治疗,闭经
香茶菜,治疗,乳痈
香茶菜,治疗,跌打损伤
香茶菜,治疗,劳伤
香茶菜,治疗,筋骨酸痛
香茶菜,治疗,疮毒
香茶菜,治疗,蔪蛇咬伤
小鱼仙草,治疗,感冒发热
小鱼仙草,治疗,中暑头痛
小鱼仙草,治疗,恶心
小鱼仙草,治疗,无汗
小鱼仙草,治疗,热痱
小鱼仙草,治疗,皮炎
小鱼仙草,治疗,湿疹
小鱼仙草,治疗,疮疥
小鱼仙草,治疗,痢疾
小鱼仙草,治疗,肺积水
小鱼仙草,治疗,肾炎水肿
小鱼仙草,治疗,多发性疖肿
小鱼仙草,治疗,外伤出血
小鱼仙草,治疗,鼻衄
小鱼仙草,治疗,痔瘘下血
石荠苎,治疗,感冒
石荠苎,治疗,中暑发高烧
石荠苎,治疗,痱子
石荠苎,治疗,皮肤搔痒
石荠苎,治疗,疟疾
石荠苎,治疗,便秘
石荠苎,治疗,内痔
石荠苎,治疗,便血
石荠苎,治疗,疥疮
石荠苎,治疗,湿脚气
石荠苎,治疗,外伤出血
石荠苎,治疗,跌打损伤
石荠苎,治疗,疮毒
粉绿铁线莲,治疗,慢性风湿关节炎
粉绿铁线莲,治疗,关节疼痛;
野草香,治疗,伤风感冒
野草香,治疗,疮
野草香,治疗,鼻渊
野草香,治疗,蛾子
蔓九节,治疗,风湿痹痛
蔓九节,治疗,坐骨神经痛
蔓九节,治疗,痈疮肿毒
蔓九节,治疗,咽喉肿痛
灯笼草,治疗,功能性子宫出血
灯笼草,治疗,胆囊炎
灯笼草,治疗,黄胆型肝炎
灯笼草,治疗,感冒头痛
灯笼草,治疗,腹痛
灯笼草,治疗,小儿疳积
灯笼草,治疗,火眼
灯笼草,治疗,跌打损伤
灯笼草,治疗,疮
灯笼草,治疗,皮肤疮疡
灯笼草,治疗,狂犬咬伤
灯笼草,治疗,烂脚丫
灯笼草,治疗,烂头疗
灯笼草,治疗,痔疮
雷公连,治疗,骨折
雷公连,治疗,跌打
雷公连,治疗,心绞痛
女萎,治疗,肠炎
女萎,治疗,痢疾
女萎,治疗,甲状腺肿大
女萎,治疗,风湿关节痛
女萎,治疗,尿路感染
钝萼铁线莲,治疗,湿热淋病
钝萼铁线莲,治疗,小便不通
钝萼铁线莲,治疗,水肿
钝萼铁线莲,治疗,膀胱炎
钝萼铁线莲,治疗,肾盂肾炎
钝萼铁线莲,治疗,脚气水肿
钝萼铁线莲,治疗,闭经
钝萼铁线莲,治疗,头痛
钝萼铁线莲,治疗,风湿性关节炎
风箱树,治疗,感冒发热
风箱树,治疗,咽喉肿痛
风箱树,治疗,肠炎腹泻
树参,治疗,偏头痛
树参,治疗,风湿痹痛
枫香槲寄生,治疗,风湿性关节疼痛
枫香槲寄生,治疗,腰肌劳损
云南金叶子,治疗,跌打损伤
赛莨菪,治疗,跌打损伤
赛莨菪,治疗,风湿痛
赛莨菪,治疗,外伤出血
赛莨菪,治疗,骨折
绉面草,治疗,感冒
绉面草,治疗,咳嗽
绉面草,治疗,风火牙痛
绉面草,治疗,肠胃不适
绉面草,治疗,百日咳
蜂斗草,治疗,跌打
蜂斗草,治疗,翳膜
天南星,治疗,面神经麻痹
天南星,治疗,半身不遂
天南星,治疗,小儿惊风
天南星,治疗,破伤风
天南星,治疗,癫癎
天南星,治疗,疮肿毒
天南星,治疗,毒蛇咬伤
天南星,治疗,灭蝇蛆
天南星,治疗,小儿痰热
天南星,治疗,惊风抽搐
石萝藦,治疗,肝炎
石萝藦,治疗,风火眼痛
东紫苏,治疗,外感
东紫苏,治疗,风寒
东紫苏,治疗,感冒发热
东紫苏,治疗,头痛身痛
东紫苏,治疗,咽喉痛
东紫苏,治疗,虚火牙痛
东紫苏,治疗,消化不良
东紫苏,治疗,肚泻
东紫苏,治疗,目痛
东紫苏,治疗,急性结膜炎
东紫苏,治疗,尿闭
东紫苏,治疗,肝炎
苏铁,治疗,痢疾
凤仙花,治疗,风湿性关节痛
凤仙花,治疗,屈伸不利
凤仙花,治疗,噎膈
凤仙花,治疗,骨鲠咽喉
凤仙花,治疗,腹部肿块
凤仙花,治疗,闭经
点地梅,治疗,扁桃腺炎
点地梅,治疗,咽喉炎
点地梅,治疗,口腔炎
点地梅,治疗,跌打损伤
蚕豆,治疗,高血压
蚕豆,治疗,浮肿
佛光草,治疗,劳伤咳嗽
佛光草,治疗,喘咳
佛光草,治疗,吐血
东亚唐松草,治疗,牙痛
东亚唐松草,治疗,急性皮炎
东亚唐松草,治疗,湿疹
伏毛山豆根,治疗,肠炎腹泻
伏毛山豆根,治疗,腹胀
伏毛山豆根,治疗,胃痛
伏毛山豆根,治疗,咽喉痛
伏毛铁棒锤,治疗,跌打损伤
伏毛铁棒锤,治疗,风湿关节痛
芙蓉菊,治疗,小儿惊风
浮萍,治疗,风湿脚气
浮萍,治疗,风疹热毒
浮萍,治疗,衄血
浮萍,治疗,水肿
浮萍,治疗,小便不利
浮萍,治疗,斑疹不透
浮萍,治疗,感冒发热
浮萍,治疗,无汗
福禄草,治疗,肺结核
福禄草,治疗,肺炎
侧金盏花,治疗,充血性心力衰竭
侧金盏花,治疗,心脏性水肿
侧金盏花,治疗,心房纤维性颤动
豆腐柴,治疗,毒蛇咬伤
豆腐柴,治疗,无名肿毒
豆腐柴,治疗,创伤出血
假鹰爪,治疗,风湿骨痛
假鹰爪,治疗,产后腹痛
假鹰爪,治疗,跌打
假鹰爪,治疗,皮癣
假鹰爪,治疗,牛臌胀
假鹰爪,治疗,肠胃积气
直梗高山唐松草,治疗,小儿疳积
直梗高山唐松草,治疗,小儿惊风
直梗高山唐松草,治疗,胸闷呕吐
复羽叶栾树,治疗,风热咳嗽
葶菊,治疗,头痛
香豆蔻,治疗,喉痛
香豆蔻,治疗,肺结核
香豆蔻,治疗,眼睑炎
香豆蔻,治疗,消化不良
匍茎点地梅,治疗,水肿
打破碗花花,治疗,热性痢疾
打破碗花花,治疗,胃炎
打破碗花花,治疗,各种顽癣
打破碗花花,治疗,疟疾
打破碗花花,治疗,消化不良
打破碗花花,治疗,跌打损伤
打破碗花花,治疗,稻苞虫
打破碗花花,治疗,负泥虫
打破碗花花,治疗,稻螟
打破碗花花,治疗,棉蚜
打破碗花花,治疗,菜青虫
打破碗花花,治疗,蝇蛆
水棉花,治疗,痢疾
水棉花,治疗,淋病
水棉花,治疗,难产
水棉花,治疗,风湿关节痛
秋牡丹,治疗,重感冒
秋牡丹,治疗,股癣
秋牡丹,治疗,体癣
扯根菜,治疗,黄疸
扯根菜,治疗,水肿
扯根菜,治疗,跌打损伤
黄花补血草,治疗,妇女月经不调
黄花补血草,治疗,鼻衄
黄花补血草,治疗,带下
散沫花,治疗,黄疽病
散沫花,治疗,精神病
无瓣蔊菜,治疗,痈肿疮毒
无瓣蔊菜,治疗,烫火伤
芭蕉,治疗,水肿
芭蕉,治疗,肛胀
甘蓝,治疗,十二指肠溃疡
山橿,治疗,胃气痛
山橿,治疗,疥癣
山橿,治疗,风疹
山橿,治疗,刀伤出血
甘露子,治疗,肺炎
甘露子,治疗,风热感冒
丝铁线莲,治疗,高血压病
丝铁线莲,治疗,冠心病
甘青老鹳草,治疗,咽喉肿痛
甘青老鹳草,治疗,肺热咳嗽
唐古特虎耳草,治疗,食欲不振
唐古特虎耳草,治疗,肝病
唐古特虎耳草,治疗,胆病
甘青青兰,治疗,胃炎
甘青青兰,治疗,肝炎
甘青青兰,治疗,头晕
甘青青兰,治疗,神疲
甘青青兰,治疗,关节炎
甘青青兰,治疗,疖疮
甘青乌头,治疗,发烧
甘青乌头,治疗,肺炎
甘青铁线莲,治疗,消化不良
甘青铁线莲,治疗,恶心
钩吻,治疗,稻螟虫
大叶紫珠,治疗,跌打肿痛
大叶紫珠,治疗,创伤出血
大叶紫珠,治疗,肠道出血
大叶紫珠,治疗,咳血
大叶紫珠,治疗,鼻衄
半枝莲,治疗,妇女病
半枝莲,治疗,肝炎
半枝莲,治疗,阑尾炎
半枝莲,治疗,咽喉炎
半枝莲,治疗,尿道炎
半枝莲,治疗,咯血
半枝莲,治疗,尿血
半枝莲,治疗,胃痛
半枝莲,治疗,疮痈肿毒
半枝莲,治疗,跌打损伤
刚毛忍冬,治疗,感冒
刚毛忍冬,治疗,肺炎
巴豆,治疗,风湿骨痛
桃金娘,治疗,慢性痢疾
桃金娘,治疗,风湿
桃金娘,治疗,肝炎
桃金娘,治疗,降血脂
紫玉盘,治疗,风湿
紫玉盘,治疗,跌打损伤
紫玉盘,治疗,腰腿痛
紫玉盘,治疗,跌打肿痛
杠柳,治疗,风湿关节炎
杠柳,治疗,筋骨痛
百两金,治疗,咽喉痛
百两金,治疗,扁桃腺炎
百两金,治疗,肾炎水肿
百两金,治疗,跌打风湿
大叶百两金,治疗,风湿跌打
大叶百两金,治疗,喉症
大叶百两金,治疗,健脑
细柄百两金,治疗,刀伤
细柄百两金,治疗,喉痛
尖槐藤,治疗,黄疸病
尖槐藤,治疗,跌打损伤
马蹄香,治疗,胃寒痛
马蹄香,治疗,关节疼痛
马蹄香,治疗,疮疡
高原毛茛,治疗,淋巴结核
轮叶木姜子,治疗,跌打积淤
轮叶木姜子,治疗,胸痛
轮叶木姜子,治疗,风湿痹痛
轮叶木姜子,治疗,妇女经痛
轮叶木姜子,治疗,骨折
轮叶木姜子,治疗,蛇伤
细叶藁本,治疗,风寒头痛
细叶藁本,治疗,寒湿腹痛
细叶藁本,治疗,泄泻
藁本,治疗,风寒头痛
藁本,治疗,寒湿腹痛
藁本,治疗,泄泻
翠雀,治疗,风热
翠雀,治疗,牙痛
土坛树,治疗,风湿
土坛树,治疗,跌打损伤
革叶粗筒苣苔,治疗,跌打损伤
柱果铁线莲,治疗,风湿性关节痛
柱果铁线莲,治疗,牙痛
柱果铁线莲,治疗,骨鲠喉
柱果铁线莲,治疗,外伤出血
筒鞘蛇菰,治疗,痔疮
筒鞘蛇菰,治疗,胃病
葛枣猕猴桃,治疗,庙气
葛枣猕猴桃,治疗,腰痛
假蒟,治疗,牙痛
假蒟,治疗,胃痛
假蒟,治疗,腹胀
假蒟,治疗,食欲不振
鸢尾,治疗,关节炎
鸢尾,治疗,跌打损伤
鸢尾,治疗,食积
鸢尾,治疗,肝炎
海芋,治疗,肺结核
海芋,治疗,风湿关节炎
海芋,治疗,气管炎
海芋,治疗,流感
海芋,治疗,伤寒
海芋,治疗,风湿心藏病
海芋,治疗,疮肿毒
海芋,治疗,蛇虫咬伤
海芋,治疗,烫火伤
海芋,治疗,神经性皮炎
海芋,治疗,牛伤风
海芋,治疗,猪丹毒
隔山消,治疗,鱼口疮毒
隔山香,治疗,风热咳嗽
隔山香,治疗,心绞痛
隔山香,治疗,胃痛
隔山香,治疗,疟疾
隔山香,治疗,痢疾
隔山香,治疗,经闭
隔山香,治疗,白带
隔山香,治疗,跌打损伤
毛杜仲藤,治疗,刀伤痛
毛杜仲藤,治疗,眼痛
毛杜仲藤,治疗,脚痛
毛杜仲藤,治疗,驳骨
沙枣,治疗,痔疮
紫苏,治疗,感冒
工布乌头,治疗,跌打损伤
工布乌头,治疗,毒虫咬伤
弓果藤,治疗,牛食欲不振
贡山三尖杉,治疗,淋巴肉瘤
勾儿茶属,治疗,风湿性关节痛
勾儿茶属,治疗,痛经
勾儿茶属,治疗,产后腹痛
勾儿茶属,治疗,肺结核
勾儿茶属,治疗,急慢性气管炎
勾儿茶属,治疗,黄疸
勾儿茶属,治疗,红白痢疾
勾儿茶属,治疗,跌打损伤
勾儿茶属,治疗,骨折
勾儿茶属,治疗,痈肿疮毒
牯岭勾儿茶,治疗,风湿痛
牛眼马钱,治疗,跌打损伤
赤苍藤,治疗,黄胆
赤苍藤,治疗,水肿
细叶景天,治疗,痢疾
帘子藤,治疗,风湿病
帘子藤,治疗,贫血
徐长卿,治疗,胃气痛
徐长卿,治疗,肠胃炎
徐长卿,治疗,毒蛇咬伤
徐长卿,治疗,腹水
狗骨柴,治疗,黄疸病
密花树,治疗,膀胱结石
金丝桃,治疗,跌打损伤
黑面神,治疗,肠胃炎
黑面神,治疗,咽喉肿痛
黑面神,治疗,风湿骨痛
黑面神,治疗,湿疹
黑面神,治疗,高血脂病
黑面神,治疗,疮疖
黑面神,治疗,皮炎
金叶子,治疗,风湿性关节疼痛
常春藤,治疗,衄血
长蕊斑种草,治疗,跌打
长蕊斑种草,治疗,红肿
尖尾芋,治疗,毒蛇咬伤
尖尾芋,治疗,流感
尖尾芋,治疗,高烧
尖尾芋,治疗,肺结核
尖尾芋,治疗,急性胃炎
尖尾芋,治疗,胃溃疡
尖尾芋,治疗,慢性胃病
尖尾芋,治疗,肠伤寒
尖尾芋,治疗,秃发病
蕺菜,治疗,肠炎
蕺菜,治疗,痢疾
蕺菜,治疗,肾炎水肿
蕺菜,治疗,乳腺炎
蕺菜,治疗,中耳炎
狗尾草,治疗,痈瘀
狗尾草,治疗,面癣
龙船草,治疗,痈肿疤毒
龙船草,治疗,目赤肿痛
龙船草,治疗,瘰疬
石莲,治疗,跌打损伤
石莲,治疗,外伤肿痛
长蕊珍珠菜,治疗,乳房红肿
长蕊珍珠菜,治疗,无名肿毒
长蕊珍珠菜,治疗,风湿痛
长蕊珍珠菜,治疗,狗咬伤
长蕊珍珠菜,治疗,痈疽
象头花,治疗,跌打损伤
象头花,治疗,疮黄肿毒
枳椇,治疗,风湿
须药藤,治疗,感冒
须药藤,治疗,头痛
须药藤,治疗,咳嗽
须药藤,治疗,支气管炎
须药藤,治疗,胃痛
须药藤,治疗,食积气胀
夏枯草,治疗,口眼歪斜
夏枯草,治疗,瘰疬
马莲鞍,治疗,痢疾
马莲鞍,治疗,腹泻
马莲鞍,治疗,心胃气痛
马莲鞍,治疗,感冒发烧
马莲鞍,治疗,慢性肾炎
马莲鞍,治疗,跌打
马莲鞍,治疗,毒蛇咬伤
马莲鞍,治疗,烂疮
金花树,治疗,风湿
金花树,治疗,疮疖
牯岭野豌豆,治疗,帕金森式麻痹震颤
天星藤,治疗,喉痛
天星藤,治疗,跌打
瓜木,治疗,风湿
瓜木,治疗,跌打损伤
瓜叶栝楼,治疗,头痛
瓜叶栝楼,治疗,气管炎
瓜叶栝楼,治疗,胃病
瓜叶栝楼,治疗,气喘
瓜叶栝楼,治疗,消渴
眼树莲,治疗,肺燥咳血
眼树莲,治疗,疮疖肿毒
眼树莲,治疗,小儿疳积
眼树莲,治疗,痢疾
眼树莲,治疗,跌打肿痛
眼树莲,治疗,毒蛇咬伤
荷青花,治疗,劳伤过度
荷青花,治疗,风湿性关节炎
荷青花,治疗,跌打损伤
荷青花,治疗,经血不调
黄花乌头,治疗,偏正头痛
黄花乌头,治疗,寒湿痹痛
黄花乌头,治疗,口眼歪斜
黄花乌头,治疗,小麦杆锈病
黄檗,治疗,急性细菌性痢疾
黄檗,治疗,急性肠炎
黄檗,治疗,急性黄疸型肝炎
黄檗,治疗,泌尿系统感染
黄檗,治疗,炎症
黄檗,治疗,火烫伤
黄檗,治疗,中耳炎
黄檗,治疗,急性结膜炎
中华老鹳草,治疗,痢疾
雄黄兰,治疗,全身筋骨疼痛
雄黄兰,治疗,各种疮肿
雄黄兰,治疗,跌打损伤
雄黄兰,治疗,外伤出血
雄黄兰,治疗,腮腺炎
五叶老鹳草,治疗,痢疾
五叶老鹳草,治疗,肠炎之功效
寄生藤,治疗,跌打刀伤
川桂,治疗,风湿筋骨痛
川桂,治疗,跌打
川桂,治疗,腹痛吐泻
前胡,治疗,感冒咳嗽
前胡,治疗,支气管炎
前胡,治疗,疖肿
管萼山豆根,治疗,腹痛
管萼山豆根,治疗,腹胀
展毛野牡丹,治疗,消化不良
展毛野牡丹,治疗,腹泻
展毛野牡丹,治疗,肠炎
展毛野牡丹,治疗,痢疾
光萼猪屎豆,治疗,疮痛
光萼猪屎豆,治疗,跌打损伤
光叶闭鞘姜,治疗,尿路感染
光叶闭鞘姜,治疗,肾炎水肿
光叶闭鞘姜,治疗,无名肿毒
光叶山矾,治疗,跌打
黑毛四照花,治疗,牙痛
黑毛四照花,治疗,乳痛
黑毛四照花,治疗,喉蛾风
光叶子花,治疗,白带
广东大青,治疗,脚软
广东大青,治疗,风湿
虎刺楤木,治疗,肝炎
虎刺楤木,治疗,肾炎
虎刺楤木,治疗,前列腺炎
广东蝶豆,治疗,慢性气管炎
广东蝶豆,治疗,疮肿
广东万年青,治疗,热血
广东万年青,治疗,咳血
广东万年青,治疗,大肠结热
广东万年青,治疗,小儿脱肛
广东万年青,治疗,狂犬咬伤
广东万年青,治疗,蛇咬伤
广东万年青,治疗,咽喉肿痛
广东万年青,治疗,疔疮肿毒
广东万年青,治疗,煎水
广东万年青,治疗,痔疮
广花耳草,治疗,跌打
广藿香,治疗,流感
广寄生,治疗,风湿痹痛
广寄生,治疗,腰膝痠软
广寄生,治疗,胎动
广寄生,治疗,胎漏
广寄生,治疗,高血压
广西斑鸠菊,治疗,小儿惊风
广西斑鸠菊,治疗,烂疮
广西莪术,治疗,气血凝滞
广西莪术,治疗,心腹胀痛
广西莪术,治疗,宿食不消
广西莪术,治疗,跌打损伤
广西鹅掌柴,治疗,三叉神经痛
广西鹅掌柴,治疗,坐骨神经痛
广西鹅掌柴,治疗,神经性头痛
广西马兜铃,治疗,喉痛
广西马兜铃,治疗,腹痛
广西马兜铃,治疗,跌打
广西马兜铃,治疗,疟疾
广西马兜铃,治疗,蛇伤
广西石楠,治疗,风湿痛
广西香花藤,治疗,水肿
荷花玉兰,治疗,高血压
狼杷草,治疗,感冒
狼杷草,治疗,扁桃体炎
狼杷草,治疗,咽喉炎
狼杷草,治疗,肠炎
狼杷草,治疗,痢疾
狼杷草,治疗,肝炎
狼杷草,治疗,泌尿系感染
狼杷草,治疗,肺结核盗汗
狼杷草,治疗,闭经
鬼吹箫,治疗,风湿性关节炎
鬼吹箫,治疗,月经不调
鬼吹箫,治疗,尿道炎
鬼吹箫,治疗,眼病
尖齿臭茉莉,治疗,妇女月经不调
尖齿臭茉莉,治疗,风湿骨痛
尖齿臭茉莉,治疗,骨折
尖齿臭茉莉,治疗,中耳炎
尖齿臭茉莉,治疗,毒疮
尖齿臭茉莉,治疗,湿疹
磨芋,治疗,流火
磨芋,治疗,疔疮
磨芋,治疗,无名肿毒
磨芋,治疗,瘰疬
磨芋,治疗,眼睛蛇咬伤
磨芋,治疗,烫火伤
磨芋,治疗,间日疟
磨芋,治疗,乳痈
磨芋,治疗,腹中痞块
磨芋,治疗,疔癀高烧
磨芋,治疗,疝气
鬼针草,治疗,上呼吸道感染
鬼针草,治疗,咽喉肿痛
鬼针草,治疗,急性阑尾炎
鬼针草,治疗,急性黄疸型肝炎
鬼针草,治疗,胃肠炎
鬼针草,治疗,风湿关节疼痛
鬼针草,治疗,疟疾
贵州八角莲,治疗,跌打损伤
贵州八角莲,治疗,劳伤疼痛
贵州半蒴苣苔,治疗,痈
贵州半蒴苣苔,治疗,烫伤
短柄忍冬,治疗,鼻出血
短柄忍冬,治疗,吐血
短柄忍冬,治疗,肠热
血盆草,治疗,吐血
血盆草,治疗,血崩
血盆草,治疗,衂血
血盆草,治疗,刀伤出血
血盆草,治疗,血痢
血盆草,治疗,产后寒
贵州叶下珠,治疗,跌打损伤
肉桂,治疗,腰膝冷痛
肉桂,治疗,腹痛吐泻
肉桂,治疗,外感
肉桂,治疗,风寒
肉桂,治疗,肩臂肢节酸痛
桂林唇柱苣苔,治疗,咳嗽
桂林唇柱苣苔,治疗,跌打损伤
桂黔吊石苣苔,治疗,风湿骨痛
桂叶素馨,治疗,刀伤
桂叶素馨,治疗,蛇伤
桂叶素馨,治疗,痈疮肿毒
姜味草,治疗,胃痛
姜味草,治疗,腹胀
姜味草,治疗,呕吐
姜味草,治疗,腹泻
姜味草,治疗,急性胃炎
姜味草,治疗,急慢性胃肠痛
姜味草,治疗,庙气痛
姜味草,治疗,感冒咳嗽
小花鬼针草,治疗,感冒发热
小花鬼针草,治疗,咽喉肿痛
小花鬼针草,治疗,肠炎
小花鬼针草,治疗,阑尾炎
小花鬼针草,治疗,痔疮
小花鬼针草,治疗,跌打损伤
小花鬼针草,治疗,冻疮
小花鬼针草,治疗,毒蛇咬伤
爬树龙,治疗,跌打损伤
爬树龙,治疗,骨折
爬树龙,治疗,蛇咬伤
爬树龙,治疗,痈疮节肿
爬树龙,治疗,小儿百日咳
爬树龙,治疗,咽喉肿痛
爬树龙,治疗,感冒
爬树龙,治疗,风湿性腰腿痛
土丁桂,治疗,小儿结肠炎
土丁桂,治疗,消化不良
土丁桂,治疗,白带
土丁桂,治疗,支气管哮喘
土丁桂,治疗,咳嗽
土丁桂,治疗,跌打损伤
土丁桂,治疗,腰腿痛
土丁桂,治疗,痢疾
土丁桂,治疗,头晕目眩
土丁桂,治疗,泌尿系感染
土丁桂,治疗,血尿
土丁桂,治疗,蛇伤
香皮树,治疗,便秘
大叶南苏,治疗,骨折
大叶南苏,治疗,跌打损伤
大叶南苏,治疗,风湿麻木
大叶南苏,治疗,咽肿
大叶南苏,治疗,心绞痛
大叶南苏,治疗,支气管炎
大叶南苏,治疗,哮喘
大叶南苏,治疗,百日咳
水龙,治疗,蛇咬伤
过路黄,治疗,胆囊炎
过路黄,治疗,黄疸性肝炎
过路黄,治疗,泌尿系统结石
过路黄,治疗,胆结石
过路黄,治疗,跌打损伤
过路黄,治疗,毒蛇咬伤
过路黄,治疗,毒蕈
过路黄,治疗,药物中毒
过路黄,治疗,化脓性炎症
过路黄,治疗,烧烫伤
铁冬青,治疗,烫火伤
铁冬青,治疗,咽喉炎
铁冬青,治疗,肝炎
铁冬青,治疗,急性肠胃炎
铁冬青,治疗,胃痛
铁冬青,治疗,关节痛
铁冬青,治疗,胃溃疡
铁冬青,治疗,感冒发热
过路惊,治疗,小儿夜间惊哭
络石,治疗,关节炎
络石,治疗,肌肉痹痛
络石,治疗,跌打损伤
络石,治疗,产后腹痛
络石,治疗,血吸虫腹水病
狮子尾,治疗,脾肿大
狮子尾,治疗,高烧
狮子尾,治疗,风湿腰痛
狮子尾,治疗,跌打损伤
狮子尾,治疗,骨折
狮子尾,治疗,烫火伤
黑老虎,治疗,胃病
黑老虎,治疗,风湿骨痛
黑老虎,治疗,跌打瘀痛
千里香,治疗,感冒
千里香,治疗,头痛
千里香,治疗,胃痛
千里香,治疗,牙痛
千里香,治疗,风湿骨痛
千里香,治疗,跌打肿痛
山木通,治疗,感冒
山木通,治疗,膀胱炎
山木通,治疗,尿道炎
山木通,治疗,跌打劳伤
山木通,治疗,扁桃体炎
山木通,治疗,咽喉炎
山木通,治疗,风湿关节肿痛
山木通,治疗,肠胃炎
山木通,治疗,疟疾
山木通,治疗,乳痈
山木通,治疗,牙疳
山木通,治疗,目生星翳
扇叶铁线蕨,治疗,跌打内伤
扇叶铁线蕨,治疗,乳猪下痢
扇叶铁线蕨,治疗,猪丹毒
扇叶铁线蕨,治疗,牛瘟
八宝,治疗,喉炎
八宝,治疗,热疖
八宝,治疗,跌打损伤
黄海棠,治疗,吐血
黄海棠,治疗,子宫出血
黄海棠,治疗,外伤出血
黄海棠,治疗,疮疖痈肿
黄海棠,治疗,风湿
黄海棠,治疗,痢疾
黄海棠,治疗,月经不调
黄海棠,治疗,胃病
越南安息香,治疗,疥疮
披针叶铁线莲,治疗,口嗅
披针叶铁线莲,治疗,口烂
八角枫,治疗,风湿
八角枫,治疗,跌打损伤
八角莲,治疗,跌打损伤
八角莲,治疗,半身不遂
八角莲,治疗,毒蛇咬伤
地耳草,治疗,肝炎
地耳草,治疗,跌打损伤
地耳草,治疗,疮毒
羊耳菊,治疗,跌打损伤
羊耳菊,治疗,痢疾
八仙过海,治疗,跌打损伤
八仙过海,治疗,风湿关节炎
八仙过海,治疗,痧症
八仙过海,治疗,急性肠胃炎
八月瓜,治疗,跌打损伤
八月瓜,治疗,风湿骨痛
八月瓜,治疗,疝气
八月瓜,治疗,子宫脱垂
三叶木通,治疗,风湿关节痛
八月瓜属,治疗,肾炎
八月瓜属,治疗,肾虚腰痛
八月瓜属,治疗,胃痛
八月瓜属,治疗,跌打
八月瓜属,治疗,风湿骨痛
八月瓜属,治疗,劳伤咳嗽
八月瓜属,治疗,疝气
鹰爪枫,治疗,关节炎
鹰爪枫,治疗,风湿痹痛
五月瓜藤,治疗,劳伤咳嗽
细果角茴香,治疗,感冒
细果角茴香,治疗,咽喉炎
细果角茴香,治疗,急性结膜炎
扒地蜈蚣,治疗,跌打损伤
扒地蜈蚣,治疗,骨折
扒地蜈蚣,治疗,毒蛇咬伤
紫花醉鱼草,治疗,咳嗽
紫花醉鱼草,治疗,眼疾
缬草,治疗,跌打损伤
狼毒,治疗,结核类
狼毒,治疗,疮瘘癣类
拔毒散,治疗,急性扁桃体炎
拔毒散,治疗,急性乳腺炎
拔毒散,治疗,肠炎
拔毒散,治疗,菌痢
拔毒散,治疗,跌打损伤
白苞蒿,治疗,肾疾病
白饭树,治疗,风湿关节炎
白饭树,治疗,湿疹
白饭树,治疗,脓泡疮
姜花,治疗,头痛
姜花,治疗,身痛
姜花,治疗,风湿痛
姜花,治疗,跌打损伤
青羊参,治疗,农业害虫
降龙草,治疗,疮肿毒
降龙草,治疗,蛇咬伤
降龙草,治疗,烧烫伤
海通,治疗,半边疯
延叶珍珠菜,治疗,跌打损伤
延叶珍珠菜,治疗,疔毒
杜仲藤,治疗,小儿麻痹
杜仲藤,治疗,跌打损伤
小花黄堇,治疗,疮疥
小花黄堇,治疗,蛇伤
白萼素馨,治疗,跌打损伤
水东哥,治疗,无名肿毒
水东哥,治疗,眼翳
水东哥,治疗,遗精
独角莲,治疗,头痛
独角莲,治疗,口眼歪斜
独角莲,治疗,半身不遂
独角莲,治疗,破伤风
独角莲,治疗,跌打劳伤
独角莲,治疗,肢体麻木
独角莲,治疗,中风不语
独角莲,治疗,淋巴结核
西南水苏,治疗,疮疖
西南水苏,治疗,赤白痢
西南水苏,治疗,湿疹
半蒴苣苔,治疗,喉痛
半蒴苣苔,治疗,麻疹
半蒴苣苔,治疗,烧烫伤
灵枝草,治疗,轮癣
灵枝草,治疗,皮肤病
灵枝草,治疗,肺结核
灵枝草,治疗,咳嗽
灵枝草,治疗,高血压
鸡骨常山,治疗,发热
鸡骨常山,治疗,头痛
白花菜,治疗,下气
白花菜,治疗,煎水
杜茎山,治疗,腰痛
杜茎山,治疗,头痛
杜茎山,治疗,心燥烦渴
杜茎山,治疗,眼目晕眩
杜茎山,治疗,跌打损伤
重瓣臭茉莉,治疗,风湿
白花苦灯笼,治疗,肺结核咯血
白花苦灯笼,治疗,感冒发热
白花苦灯笼,治疗,咳嗽
白花苦灯笼,治疗,热性胃痛
白花苦灯笼,治疗,急性扁挑体炎
变色白前,治疗,肺结核
变色白前,治疗,浮肿
草玉梅,治疗,喉炎
草玉梅,治疗,扁桃腺炎
草玉梅,治疗,肝炎
草玉梅,治疗,痢疾
草玉梅,治疗,跌打损伤
小花草玉梅,治疗,肝炎
小花草玉梅,治疗,筋骨疼痛
白花蛇舌草,治疗,肿瘤
白花蛇舌草,治疗,蛇咬伤
白花蛇舌草,治疗,小儿疳积
白花蛇舌草,治疗,泡疮
白花蛇舌草,治疗,刀伤
白花蛇舌草,治疗,跌打
白花碎米荠,治疗,气管炎
白花酸藤果,治疗,急性肠胃炎
白花酸藤果,治疗,赤白痢
白花酸藤果,治疗,腹泻
白花酸藤果,治疗,刀枪伤
白花酸藤果,治疗,外伤出血
白花酸藤果,治疗,蛇咬伤
马甲子,治疗,痈肿溃脓
白英,治疗,小儿惊风
白英,治疗,风火牙痛
扭肚藤,治疗,外伤出血
扭肚藤,治疗,骨折
白兰,治疗,咳嗽
白兰,治疗,便秘
朱砂藤,治疗,癫癎
朱砂藤,治疗,狂犬病
朱砂藤,治疗,毒蛇咬伤
石蜘蛛,治疗,跌打损伤
石蜘蛛,治疗,淋浊
脓疮草,治疗,疮疥
痢止蒿,治疗,痢疾
痢止蒿,治疗,蛔虫症
痢止蒿,治疗,乳腺炎
白薇,治疗,产后虚烦呕逆
白薇,治疗,小便淋沥
白薇,治疗,肾炎
白薇,治疗,尿路感染
白薇,治疗,水肿
白薇,治疗,支气管炎
白薇,治疗,风湿性腰腿痛
大叶锣,治疗,神经衰弱
银线草,治疗,风寒咳嗽
银线草,治疗,风湿痛
银线草,治疗,闭经
银线草,治疗,跌打损伤
寻骨风,治疗,胃痛
寻骨风,治疗,筋骨痛
紫背金盘,治疗,肺脓疡
紫背金盘,治疗,肺炎
紫背金盘,治疗,扁桃腺炎
紫背金盘,治疗,咽喉炎
紫背金盘,治疗,气管炎
紫背金盘,治疗,腮腺炎
紫背金盘,治疗,急性胆囊炎
紫背金盘,治疗,肝炎
紫背金盘,治疗,痔疮肿痛
紫背金盘,治疗,鼻衄
紫背金盘,治疗,牙痛
紫背金盘,治疗,目赤肿痛
紫背金盘,治疗,黄疽病
紫背金盘,治疗,便血
紫背金盘,治疗,白尿
紫背金盘,治疗,血瘀肿痛
紫背金盘,治疗,产后瘀血
紫背金盘,治疗,妇女血气痛
紫背金盘,治疗,金疮
紫背金盘,治疗,刀伤
紫背金盘,治疗,外伤出血
紫背金盘,治疗,跌打扭伤
紫背金盘,治疗,骨折
紫背金盘,治疗,痈肿疮疖
紫背金盘,治疗,狂犬咬伤
紫背金盘,治疗,牛马肚痛发水
白毛紫珠,治疗,皮肤病
白毛紫珠,治疗,箭毒
商陆,治疗,水肿
商陆,治疗,胀满
商陆,治疗,脚气
商陆,治疗,喉痹
序叶苎麻,治疗,风湿
序叶苎麻,治疗,筋骨痛
大管,治疗,跌打扭伤
大管,治疗,胸痹
大管,治疗,感冒
网脉酸藤子,治疗,经闭
网脉酸藤子,治疗,月经不调
网脉酸藤子,治疗,风湿
威灵仙,治疗,风寒湿热
威灵仙,治疗,偏头疼
威灵仙,治疗,黄胆浮肿
威灵仙,治疗,鱼骨硬喉
威灵仙,治疗,腰膝腿脚冷痛
威灵仙,治疗,急性扁桃体炎
威灵仙,治疗,咽喉炎
威灵仙,治疗,造桥虫
威灵仙,治疗,菜青虫
威灵仙,治疗,地老虎
威灵仙,治疗,孑孓
白绒草,治疗,肾虚
白绒草,治疗,遗精
白绒草,治疗,阳萎
须花翠雀花,治疗,风热头痛
白薯莨,治疗,痈疽
白薯莨,治疗,恶疮
白薯莨,治疗,跌打扭伤
泽珍珠菜,治疗,痈疮
泽珍珠菜,治疗,无名肿毒
黄檀,治疗,疮
白棠子树,治疗,感冒
白棠子树,治疗,跌打损伤
白棠子树,治疗,气血瘀滞
白棠子树,治疗,妇女闭经
白棠子树,治疗,外伤肿痛
白桐树,治疗,风湿痛
粗齿铁线莲,治疗,风湿筋骨痛
粗齿铁线莲,治疗,跌打损伤
粗齿铁线莲,治疗,血疼痛
粗齿铁线莲,治疗,肢体麻木
粗齿铁线莲,治疗,失音声嘶
粗齿铁线莲,治疗,杨梅疮毒
粗齿铁线莲,治疗,虫疮久烂
白头翁属,治疗,痢疾
白头翁,治疗,热毒血痢
白头翁,治疗,温疟
白头翁,治疗,鼻衄
白头翁,治疗,痔疮出血
白头翁,治疗,地老虎
白头翁,治疗,蚜虫
白头翁,治疗,蝇蛆
白头翁,治疗,孑孓
白透骨消,治疗,筋骨痛
白颜树,治疗,寒湿
白叶瓜馥木,治疗,风湿
白叶瓜馥木,治疗,痨伤
木紫珠,治疗,鼻衄
木紫珠,治疗,消化道出血
木紫珠,治疗,妇女崩漏
白芷,治疗,风湿性关节疼痛
白芷,治疗,菜青虫
白芷,治疗,大豆蚜虫
白芷,治疗,小麦杆锈病
杭白芷,治疗,风寒感冒
杭白芷,治疗,牙痛
杭白芷,治疗,便血
杭白芷,治疗,白带
杭白芷,治疗,痈疖肿毒
杭白芷,治疗,烧伤
青海当归,治疗,头痛
百灵草,治疗,骨折
百灵草,治疗,外伤出血
百灵草,治疗,风湿
百灵草,治疗,跌打痨伤
百灵草,治疗,支气管炎
百灵草,治疗,哮喘
百灵草,治疗,贫血
百蕊草,治疗,中暑
百蕊草,治疗,扁桃腺炎
百蕊草,治疗,腰痛
芸香,治疗,感冒发热
芸香,治疗,风火牙痛
芸香,治疗,头痛
芸香,治疗,跌打扭伤
芸香,治疗,小儿急性支气管炎
芸香,治疗,支气管粘膜炎
百足藤,治疗,劳伤
百足藤,治疗,跌打
百足藤,治疗,骨折
百足藤,治疗,疮毒
红花寄生,治疗,风湿性关节炎
红花寄生,治疗,胃痛
柏拉木,治疗,疮疖
墓头回,治疗,崩漏
墓头回,治疗,赤白带
酸叶胶藤,治疗,跌打瘀肿
酸叶胶藤,治疗,风湿骨痛
酸叶胶藤,治疗,疔疮
酸叶胶藤,治疗,喉痛
酸叶胶藤,治疗,眼肿
斑花败酱,治疗,跌打
斑花败酱,治疗,疮毒
大斑花败酱,治疗,阑尾炎
臭黄荆,治疗,痢疾
臭黄荆,治疗,痔疮
臭黄荆,治疗,脱肛
臭黄荆,治疗,牙痛
滴水珠,治疗,毒蛇咬伤
滴水珠,治疗,胃痛
滴水珠,治疗,腰痛
滴水珠,治疗,漆疮
滴水珠,治疗,过敏性皮炎
滴水珠,治疗,痈疮肿毒
滴水珠,治疗,跌打损伤
滴水珠,治疗,颈淋巴结结核
滴水珠,治疗,乳腺炎
滴水珠,治疗,深部浓肿
木棉,治疗,菌痢
木棉,治疗,肠炎
木棉,治疗,胃痛
木棉,治疗,痢疾
木棉,治疗,月经过多
板蓝,治疗,中暑
板蓝,治疗,腮腺炎
板蓝,治疗,肿毒
板蓝,治疗,毒蛇咬伤
板蓝,治疗,菌痢
板蓝,治疗,急性肠炎
板蓝,治疗,咽喉炎
板蓝,治疗,口腔炎
板蓝,治疗,扁桃体炎
板蓝,治疗,肝炎
板蓝,治疗,丹毒
蓝树,治疗,跌打
绵穗苏,治疗,瘫痪
绵穗苏,治疗,感冒
绵穗苏,治疗,畏寒
绵穗苏,治疗,头痛
绵穗苏,治疗,疮毒
绵穗苏,治疗,产后诸病
绵穗苏,治疗,劳伤
绵穗苏,治疗,吐血
半枫荷,治疗,风湿跌打
华鼠尾草,治疗,肝炎
华鼠尾草,治疗,面神经麻痹
华鼠尾草,治疗,乳腺炎
华鼠尾草,治疗,痈疖
华鼠尾草,治疗,痛经
华鼠尾草,治疗,疮疥
长叶马兜铃,治疗,喉痛
长叶马兜铃,治疗,痢疾
长叶马兜铃,治疗,胃肠炎
瓣蕊唐松草,治疗,黄疸型肝炎
瓣蕊唐松草,治疗,腹泻
瓣蕊唐松草,治疗,痢疾
瓣蕊唐松草,治疗,渗出性皮炎
棒凤仙花,治疗,痈疮肿毒
宝盖草,治疗,外伤骨折
宝盖草,治疗,跌打损伤红肿
宝盖草,治疗,毒疮
宝盖草,治疗,瘫痪
宝盖草,治疗,半身不遂
宝盖草,治疗,高血压
宝盖草,治疗,小儿肝热
宝盖草,治疗,脑漏
小白撑,治疗,腰肌劳损
小白撑,治疗,风湿关节痛
蔓胡颓子,治疗,风湿骨痛
蔓胡颓子,治疗,跌打肿痛
蔓胡颓子,治疗,肝炎
蔓胡颓子,治疗,胃病
抱石莲,治疗,瘰疬
杯苋,治疗,跌打
杯苋,治疗,驳骨
槲寄生,治疗,风湿痹痛
槲寄生,治疗,腰膝酸软
槲寄生,治疗,胎动
槲寄生,治疗,胎漏
北鱼黄草,治疗,劳伤疼痛
北鱼黄草,治疗,疔疮
北水苦荬,治疗,跌打损伤
北乌头,治疗,风湿性关节炎
北乌头,治疗,神经痛
北乌头,治疗,牙痛
北乌头,治疗,中风
北乌头,治疗,稻螟虫
北乌头,治疗,棉蚜
北乌头,治疗,小麦杆锈病
北乌头,治疗,孑孓
贝叶棕,治疗,腹泻
背扁黄耆,治疗,腰膝酸痛
背扁黄耆,治疗,遗尿
背扁黄耆,治疗,尿频
背扁黄耆,治疗,白带
背扁黄耆,治疗,神经衰弱
背扁黄耆,治疗,视力减退
背扁黄耆,治疗,糖尿病
落地梅,治疗,风热咳嗽
落地梅,治疗,胃痛
落地梅,治疗,风湿痛
落地梅,治疗,跌打损伤
落地梅,治疗,毒蛇咬伤
落地梅,治疗,疖肿
背蛇生,治疗,胃炎
背蛇生,治疗,溃疡
丹参,治疗,子宫出血
丹参,治疗,月经不调
丹参,治疗,腹痛
丹参,治疗,经痛
丹参,治疗,经闭
丹参,治疗,冠心病
丹参,治疗,关节痛
丹参,治疗,贫血
丹参,治疗,乳腺炎
丹参,治疗,淋巴腺炎
丹参,治疗,关节炎
丹参,治疗,疮疖痛肿
丹参,治疗,丹毒
丹参,治疗,跌打损伤
丹参,治疗,癫癎
河北木蓝,治疗,创伤
土蜜树,治疗,外伤出血
土蜜树,治疗,跌打损伤
土蜜树,治疗,感冒
土蜜树,治疗,神经衰弱
土蜜树,治疗,月经不调
石楠,治疗,蚜虫
金丝草,治疗,吐血
金丝草,治疗,咳血
金丝草,治疗,衄血
金丝草,治疗,血崩
金丝草,治疗,尿路感染
金丝草,治疗,肾炎
金丝草,治疗,水肿
金丝草,治疗,糖尿病
金丝草,治疗,黄胆型肝炎
叶下珠,治疗,赤目肿痛
叶下珠,治疗,肠炎腹泻
叶下珠,治疗,痢疾
叶下珠,治疗,肝炎
叶下珠,治疗,小儿疳积
叶下珠,治疗,肾炎水肿
叶下珠,治疗,尿路感染
篦齿眼子菜,治疗,肺炎
篦齿眼子菜,治疗,疮疖
单苞鸢尾,治疗,毒蛇咬伤
香薷,治疗,急性肠胃炎
香薷,治疗,腹痛吐泻
香薷,治疗,夏秋阳暑
香薷,治疗,头痛发热
香薷,治疗,恶寒无汗
香薷,治疗,霍乱
香薷,治疗,水肿
香薷,治疗,鼻衄
香薷,治疗,口臭
火索麻,治疗,慢性胃炎
火索麻,治疗,胃溃疡
鞭柱唐松草,治疗,头晕
鞭柱唐松草,治疗,腹痛
鞭柱唐松草,治疗,下痢
小二仙草,治疗,毒蛇咬伤
西伯利亚乌头,治疗,风湿
牛扁,治疗,腰腿痛
牛扁,治疗,关节肿痛
遍地金,治疗,日久水泻
遍地金,治疗,毒蛇咬伤
遍地金,治疗,黄水疮
遍地金,治疗,小儿白口疮
遍地金,治疗,乳腺炎
黑风藤,治疗,跌打损伤
黑风藤,治疗,风湿性关节炎
黑风藤,治疗,小儿麻痹后遗症
黑风藤,治疗,哮喘
黑风藤,治疗,疮疥
碎米桠,治疗,肝癌
碎米桠,治疗,直肠癌
碎米桠,治疗,感冒头痛
碎米桠,治疗,风湿筋骨痛
碎米桠,治疗,关节痛
红波罗花,治疗,产后少乳
红波罗花,治疗,体虚
红波罗花,治疗,久病虚弱
红波罗花,治疗,头晕
红波罗花,治疗,贫血
细罗伞,治疗,单蛾喉
驳骨九节,治疗,菌痢
驳骨九节,治疗,肠炎
驳骨九节,治疗,风湿骨痛
驳骨九节,治疗,跌打损伤
驳骨九节,治疗,蛇伤
山香,治疗,赤白痢
山香,治疗,乳腺炎
山香,治疗,痈疽
山香,治疗,感冒发烧
山香,治疗,头痛
山香,治疗,胃肠涨气
山香,治疗,风湿骨痛
山香,治疗,娱蚣
山香,治疗,蛇咬伤
山香,治疗,刀伤出血
山香,治疗,跌打肿痛
山香,治疗,烂疮
山香,治疗,皮肤搔痒
山香,治疗,皮炎
山香,治疗,湿疹
薄荷,治疗,头痛
薄荷,治疗,麻疹不透
薄荷,治疗,漆疮
海南粗榧,治疗,白血病
海南粗榧,治疗,淋巴肉瘤
薄叶红厚壳,治疗,跌打损伤
薄叶红厚壳,治疗,风湿骨痛
薄叶红厚壳,治疗,肾虚腰痛
薄叶红厚壳,治疗,外伤出血
擘蓝,治疗,十二指肠溃疡
茅膏菜,治疗,跌打损伤
不育红,治疗,妇女不育症
山弄岗唇柱苣苔,治疗,跌打损伤
假柿木姜子,治疗,关节脱臼
华萝藦,治疗,肾亏遗精
华萝藦,治疗,乳汁不足
华萝藦,治疗,脱力劳伤
翅果藤,治疗,肺结核
南方山荷叶,治疗,腰腿疼痛
南方山荷叶,治疗,风湿性关节炎
南方山荷叶,治疗,跌打损伤
南方山荷叶,治疗,月经不调
尖叶眼树莲,治疗,哮喘
尖叶眼树莲,治疗,咳嗽
尖叶眼树莲,治疗,湿疹
尖叶眼树莲,治疗,疮痒
尖叶眼树莲,治疗,关节炎
南黄堇,治疗,骨折
南黄堇,治疗,跌打损伤
南昆杜鹃,治疗,慢性气管炎
喙荚云实,治疗,哕逆不止
喙荚云实,治疗,淋浊
红花酢浆草,治疗,跌打损伤
红花酢浆草,治疗,赤白痢
日本南五味子,治疗,蛇咬伤
南五味子,治疗,神经衰弱
南五味子,治疗,支气管炎
南粤马兜铃,治疗,高热
南粤马兜铃,治疗,肺炎
南粤马兜铃,治疗,喉痛
囊距翠雀花,治疗,流感
囊距翠雀花,治疗,皮肤痒疹
囊距翠雀花,治疗,蛇咬伤
羊角棉,治疗,刀伤出血
圆叶西番莲,治疗,痢疾
圆叶西番莲,治疗,肺结核
红马蹄草,治疗,跌打损伤
红马蹄草,治疗,感冒
红马蹄草,治疗,咳嗽痰血
尼泊尔鸢尾,治疗,疔疮
尼泊尔鸢尾,治疗,伤肿
穗状狐尾藻,治疗,慢性下痢
拟耧斗菜,治疗,子宫出血
拟耧斗菜,治疗,乳腺炎
拟耧斗菜,治疗,恶疮痈疽
拟砚壳花椒,治疗,牙痛
少年红,治疗,跌打损伤
黄毛楤木,治疗,风湿腰痛
黄毛楤木,治疗,肝炎
黄毛楤木,治疗,肾炎水肿
通光散,治疗,支气管炎
通光散,治疗,哮喘
通光散,治疗,肺炎
通光散,治疗,扁桃腺炎
通光散,治疗,膀胱炎
牛白藤,治疗,风湿
牛白藤,治疗,感冒咳嗽
牛白藤,治疗,皮肤湿疹
罗浮柿,治疗,食物中毒
罗浮柿,治疗,水火烫伤
罗浮柿,治疗,腹泻
罗浮柿,治疗,赤白痢
牛角瓜,治疗,皮肤病
牛角瓜,治疗,痢疾
牛角瓜,治疗,风湿
牛角瓜,治疗,支气管炎
牛角瓜,治疗,癫癣
牛筋草,治疗,乙型脑炎
牛筋果,治疗,疟疾
山胡椒,治疗,劳伤脱力
山胡椒,治疗,水湿浮肿
山胡椒,治疗,四肢酸麻
山胡椒,治疗,风湿性关节炎
山胡椒,治疗,跌打损伤
山胡椒,治疗,胃痛
流苏子,治疗,皮炎
鼠李,治疗,瘰疬
牛奶菜,治疗,跌打
一点红,治疗,腮腺炎
一点红,治疗,乳腺炎
一点红,治疗,小儿疳积
一点红,治疗,皮肤湿疹
纤冠藤,治疗,腿痛
纤冠藤,治疗,跌打
纤冠藤,治疗,子官下垂
长叶胡颓子,治疗,哮喘
长叶胡颓子,治疗,牙痛
山石榴,治疗,脓肿
山石榴,治疗,溃疡
山石榴,治疗,肿瘤
山石榴,治疗,皮肤病
山石榴,治疗,痔疮
山石榴,治疗,发疹
山石榴,治疗,风湿
山石榴,治疗,支气管炎
木半夏,治疗,跌打损伤
木半夏,治疗,痢疾
木半夏,治疗,哮喘
牛尾草,治疗,痢疾肠炎
牛尾草,治疗,黄疽性肝炎
牛尾草,治疗,咽喉炎
牛尾草,治疗,扁桃腺炎
牛尾草,治疗,尿道感染
牛尾草,治疗,膀胱炎
牛尾草,治疗,急性肾炎
牛尾草,治疗,肿胀疼痛
牛尾草,治疗,流感
牛尾草,治疗,疟疾
牛尾草,治疗,毒蛇咬伤
牛尾草,治疗,牙痛
牛尾草,治疗,小儿疳积
独活,治疗,风寒湿痹
独活,治疗,腰膝酸痛症
牛膝,治疗,腰膝酸痛
牛膝,治疗,跌打瘀痛
牛膝,治疗,牛软脚症
牛膝,治疗,跌伤断骨
扭果紫金龙,治疗,咳嗽
短蒟,治疗,风湿性关节炎
短蒟,治疗,四肢麻木
短蒟,治疗,骨折
短蒟,治疗,跌打损伤
脓疮草属,治疗,疮疥
四川清风藤,治疗,腰痛
女娄菜,治疗,乳汁少
女娄菜,治疗,体虚浮肿
水蔗草,治疗,蛇伤
欧白英,治疗,遗传性梅毒
欧白英,治疗,猪黄胆
欧白英,治疗,水肿
五脉绿绒蒿,治疗,小儿惊风
五脉绿绒蒿,治疗,肺炎
五脉绿绒蒿,治疗,咳喘
欧当归,治疗,妇科病
欧当归,治疗,水肿
欧活血丹,治疗,肺病
欧活血丹,治疗,肾脏炎
欧李,治疗,大便燥结
欧李,治疗,小便不利
密生波罗花,治疗,胃病
密生波罗花,治疗,黄疽
密生波罗花,治疗,消化不良
密生波罗花,治疗,耳炎
密生波罗花,治疗,耳聋
密生波罗花,治疗,月经不调
密生波罗花,治疗,高血压
密生波罗花,治疗,肺出血
欧鼠李,治疗,腹痛
圆叶鼠李,治疗,肿毒
四方蒿,治疗,夜盲症
四方蒿,治疗,痢疾
四方蒿,治疗,感冒
四方蒿,治疗,咽喉炎
四方蒿,治疗,扁桃腺炎
四方蒿,治疗,风火牙痛
四方蒿,治疗,龋齿痛
四方蒿,治疗,急性胃肠炎
四方蒿,治疗,腹痛
四方蒿,治疗,创伤出血
四方蒿,治疗,火烧伤
四方蒿,治疗,腋臭
四方蒿,治疗,小儿疳积
四方蒿,治疗,急慢性肾盂肾炎
膜叶刺蕊草,治疗,子宫脱垂
蛛丝毛蓝耳草,治疗,风湿关节疼痛
总状绿绒蒿,治疗,头伤
总状绿绒蒿,治疗,骨折
总状绿绒蒿,治疗,气虚下陷
总状绿绒蒿,治疗,浮肿
总状绿绒蒿,治疗,脱肛
总状绿绒蒿,治疗,久痢
总状绿绒蒿,治疗,哮喘
总状绿绒蒿,治疗,腰痛
总状绿绒蒿,治疗,腿痛
鸡脚参,治疗,消化不良
鸡脚参,治疗,食积
鸡脚参,治疗,蛔虫病
鸡脚参,治疗,风湿痛
鸡脚参,治疗,虚弱头晕
鸡脚参,治疗,虚汗
鸡脚参,治疗,咳嗽
云南翠雀花,治疗,跌打损伤
山蜡梅,治疗,跌打损伤
山蜡梅,治疗,风湿
山蜡梅,治疗,劳伤咳嗽
山蜡梅,治疗,寒性胃痛
山蜡梅,治疗,感冒头痛
山蜡梅,治疗,疔疮毒疮
相思子,治疗,皮肤病
鸡纳树,治疗,疟疾
鸡纳树,治疗,疮疽
鸡纳树,治疗,皮炎
鸡纳树,治疗,皮癣
鸡矢藤,治疗,风湿筋骨痛
鸡矢藤,治疗,跌打损伤
鸡矢藤,治疗,外伤性疼痛
鸡矢藤,治疗,肝胆
鸡矢藤,治疗,胃肠绞痛
鸡矢藤,治疗,黄疽型肝炎
鸡矢藤,治疗,肠炎
鸡矢藤,治疗,痢疾
鸡矢藤,治疗,消化不良
鸡矢藤,治疗,小儿疳积
鸡矢藤,治疗,肺结核咯血
鸡矢藤,治疗,支气管炎
鸡矢藤,治疗,白细胞减少症
鸡矢藤,治疗,农药中毒
鸡矢藤,治疗,皮炎
鸡矢藤,治疗,湿疹
鸡矢藤,治疗,疮疡肿毒
尖山橙,治疗,风湿性心脏病
鸡尾木,治疗,皮癣
鸡眼草,治疗,风疹
鸡爪草,治疗,风湿麻木
鸡爪草,治疗,瘰疬
黄连,治疗,急性结膜炎
黄连,治疗,急性细菌性痢疾
黄连,治疗,急性肠胃炎
黄连,治疗,吐血
黄连,治疗,痈疖疮疡
山姜,治疗,消化不良
山姜,治疗,腹痛
山姜,治疗,呕吐
山姜,治疗,慢性下痢
山姜,治疗,风湿性关节炎
山姜,治疗,胃气痛
山姜,治疗,跌打损伤
多花野牡丹,治疗,消化不良
多花野牡丹,治疗,肠炎腹泻
多花野牡丹,治疗,痢疾
多花野牡丹,治疗,外伤出血
多花野牡丹,治疗,刀枪伤
基叶人字果,治疗,风湿
及已,治疗,跌打损伤
及已,治疗,骨折肿痛
及已,治疗,腰扭伤
及已,治疗,风湿痛
及已,治疗,疮肿毒
及已,治疗,毒蛇咬伤
吉龙草,治疗,感冒
吉龙草,治疗,头痛
吉龙草,治疗,发热
吉龙草,治疗,消化不良
酸枣,治疗,神经衰弱
酸枣,治疗,失眠
远志,治疗,神经衰弱
远志,治疗,心悸
远志,治疗,健忘
远志,治疗,失眠
远志,治疗,梦遗
远志,治疗,咳嗽多痰
远志,治疗,支气管炎
远志,治疗,腹泻
远志,治疗,膀胱炎
远志,治疗,痈疽疮肿
戟叶鹅绒藤,治疗,痈肿
檀梨,治疗,烧伤
檀梨,治疗,烫伤
桑寄生,治疗,风湿痹痛
桑寄生,治疗,腰痛
桑寄生,治疗,胎动
桑寄生,治疗,胎漏
鲫鱼藤,治疗,瘰疬
丛林素馨,治疗,疥疮
家独行菜,治疗,肠胃病
老鸦烟筒花,治疗,皮炎
假马鞭,治疗,尿路结石
假马鞭,治疗,尿路感染
假马鞭,治疗,风湿筋骨痛
假马鞭,治疗,喉炎
假马鞭,治疗,急性结膜炎
假马鞭,治疗,痈疖肿痛
假马鞭,治疗,牛猪疮疖肿毒
假马鞭,治疗,喘咳下痢
假地豆,治疗,跌打损伤
假地蓝,治疗,目弦耳鸣
假地蓝,治疗,遗精
假地蓝,治疗,慢性肾炎
假地蓝,治疗,膀胱炎
假地蓝,治疗,慢性支气管炎
马兰藤,治疗,风湿腰痛
新木姜子,治疗,气痛
新木姜子,治疗,水肿
新木姜子,治疗,胃脘胀痛
浙江新木姜子,治疗,胃脘胀痛
假桂乌口树,治疗,跌打扭伤
假桂乌口树,治疗,风湿痛
假桂乌口树,治疗,蜂窝组织炎
假桂乌口树,治疗,脓肿
假桂乌口树,治疗,胃肠绞痛
少羽凤尾蕨,治疗,痢疾
龙珠果,治疗,牛肺部疾病
野青树,治疗,喉炎
四棱草,治疗,妇女闭经
水团花,治疗,家畜瘢痧热症
长穗花,治疗,子宫脱垂
长穗花,治疗,脱肛
海南马兜铃,治疗,眼病
溪畔落新妇,治疗,跌打损伤
溪畔落新妇,治疗,风湿痛
溪畔落新妇,治疗,慢性胃炎
千年健,治疗,跌打损伤
千年健,治疗,骨折
千年健,治疗,外伤出血
千年健,治疗,四枝麻木
千年健,治疗,筋脉拘挛
千年健,治疗,风湿腰腿痛
千年健,治疗,类风湿关节炎
千年健,治疗,胃痛
千年健,治疗,肠胃炎
千年健,治疗,痧症
穗序鹅掌柴,治疗,跌打损伤
五爪金龙,治疗,痈疮
黄杞,治疗,农作物病虫害
叶底红,治疗,月经不调
叶底红,治疗,小儿疳积
叶底红,治疗,烫火伤
叶底红,治疗,煎水
尖萼耧斗菜,治疗,妇女病
尖尾枫,治疗,外伤出血
尖尾枫,治疗,咯血
尖尾枫,治疗,吐血
尖尾枫,治疗,产后风痛
尖尾枫,治疗,四肢瘫痪
尖尾枫,治疗,风湿痹痛
小驳骨,治疗,风邪
尖叶唐松草,治疗,全身黄肿
尖叶唐松草,治疗,眼睛发黄
尖子木,治疗,痢疾
尖子木,治疗,腹泻
尖子木,治疗,疮疖
剪春罗,治疗,感冒
剪春罗,治疗,风湿关节炎
剪春罗,治疗,腹泻
剪春罗,治疗,带状疱疹
铁筷子,治疗,膀胱炎
铁筷子,治疗,尿道炎
铁筷子,治疗,疮疖肿毒
铁筷子,治疗,跌打损伤
箭秆风,治疗,风湿痹痛
箭根薯,治疗,刀伤
箭根薯,治疗,十二指肠溃疡
箭根薯,治疗,肝炎
箭根薯,治疗,高血压
箭根薯,治疗,胃痛
箭根薯,治疗,烧烫伤
箭根薯,治疗,疮疡
短梗箭头唐松草,治疗,黄疸
短梗箭头唐松草,治疗,泻痢
短梗箭头唐松草,治疗,肝炎
短梗箭头唐松草,治疗,肝肿大
箭叶秋葵,治疗,胃痛
箭叶秋葵,治疗,神经衰弱
箭叶秋葵,治疗,跌打扭伤
江南牡丹草,治疗,跌打损伤
姜,治疗,心腹冷痛
姜,治疗,吐泻
姜,治疗,风寒湿痹
郁金,治疗,胸腹胀痛
郁金,治疗,月经不调
郁金,治疗,闭经
郁金,治疗,跌打损伤
温郁金,治疗,子宫颈癌
温郁金,治疗,子宫颈糜烂
姜黄,治疗,胸腹胀痛
姜黄,治疗,月经不调
姜黄,治疗,闭经
姜黄,治疗,跌打损伤
土田七,治疗,跌打损伤
土田七,治疗,风湿骨痛
浆果醉鱼草,治疗,哮喘
浆果醉鱼草,治疗,咳嗽
浆果醉鱼草,治疗,支气管炎
滇菜豆树,治疗,头痛
滇菜豆树,治疗,胃痛
滇菜豆树,治疗,毒蛇咬伤
滇菜豆树,治疗,骨折
藤黄檀,治疗,风湿痛
降香,治疗,刀伤出血
射干,治疗,扁桃腺炎
射干,治疗,腰痛
毛黄肉楠,治疗,疮疖
毛黄肉楠,治疗,跌打
角花胡颓子,治疗,肠炎
角花胡颓子,治疗,腹泻
角花胡颓子,治疗,痢疾
角花胡颓子,治疗,跌打
角花胡颓子,治疗,瘀积
角花胡颓子,治疗,肺病
角花胡颓子,治疗,支气管哮喘
角花胡颓子,治疗,感冒咳嗽
角茴香,治疗,咽喉炎
角茴香,治疗,气管炎
角茴香,治疗,目赤肿痛
角茴香,治疗,伤风感冒
铰剪藤,治疗,产后虚弱
铰剪藤,治疗,催奶
莲座紫金牛,治疗,痨伤咳嗽
莲座紫金牛,治疗,风湿
莲座紫金牛,治疗,跌打
莲座紫金牛,治疗,疮疥
莲座紫金牛,治疗,毛虫刺伤
芋,治疗,乳腺炎
芋,治疗,口疮
芋,治疗,痈肿疗疮
芋,治疗,颈淋巴结核
芋,治疗,烧烫伤
芋,治疗,外伤出血
接骨草,治疗,跌打损伤
草珊瑚,治疗,流行性感冒
草珊瑚,治疗,流行性乙型脑炎
草珊瑚,治疗,肺炎
草珊瑚,治疗,阑尾炎
草珊瑚,治疗,盆腔炎
草珊瑚,治疗,跌打损伤
草珊瑚,治疗,风湿关节痛
草珊瑚,治疗,闭经
草珊瑚,治疗,创口感染
草珊瑚,治疗,菌痢
草珊瑚,治疗,胰腺癌
草珊瑚,治疗,胃癌
草珊瑚,治疗,直肠癌
草珊瑚,治疗,肝癌
草珊瑚,治疗,食管癌
髯毛远志,治疗,腰痛
思茅豆腐柴,治疗,外伤出血
思茅豆腐柴,治疗,跌打
思茅豆腐柴,治疗,骨折
思茅豆腐柴,治疗,风湿骨痛
结香,治疗,跌打损伤
结香,治疗,风湿痛
结香,治疗,跌打
吕宋果,治疗,中风
吕宋果,治疗,腹痛泻痢
吕宋果,治疗,小儿蛔虫
吕宋果,治疗,蛇虫咬伤
刺芋,治疗,淋巴结核
刺芋,治疗,淋巴腺炎
刺芋,治疗,胃炎
刺芋,治疗,消化不良
刺芋,治疗,毒蛇咬伤
刺芋,治疗,跌打损伤
刺芋,治疗,风湿关节炎
刺芋,治疗,牛马劳伤
绿萼凤仙花,治疗,疥疮
滇水金凤,治疗,风湿筋骨疼痛
滇水金凤,治疗,跌打瘀肿
滇水金凤,治疗,毒蛇咬伤
滇水金凤,治疗,阴囊湿疹
滇水金凤,治疗,疥癞疮癣
旋覆花,治疗,刀伤
旋覆花,治疗,疔毒
旋覆花,治疗,胸中丕闷
旋覆花,治疗,胃部膨胀
旋覆花,治疗,暖气
旋覆花,治疗,咳嗽
旋覆花,治疗,呕逆
旋覆花,治疗,水肿
吴兴铁线莲,治疗,颅内肿瘤
金莲花,治疗,慢性扁桃体炎
马蹄金,治疗,急慢性肝炎
马蹄金,治疗,痈疔疗毒
金雀马尾参,治疗,癞疮
金鱼藻,治疗,内伤吐血
筋藤,治疗,抽筋
锦香草,治疗,耳朵出脓
锦香草,治疗,中耳炎
临时救,治疗,跌损
卷丝苣苔,治疗,热性腹泻
蕨叶人字果,治疗,红肿疮毒
小果博落回,治疗,一切恶疮
披针新月蕨,治疗,崩症
红毒茴,治疗,风症
枇杷叶紫珠,治疗,肉风湿症
毗黎勒,治疗,风虚热气
偏花马兜铃,治疗,胃病气胀
韩信草,治疗,跌打伤
川滇柴胡,治疗,疮毒疖子
苹,治疗,疮痈
蒲公英属,治疗,毒疮肿
普通鹿蹄草,治疗,止咳
糙独活,治疗,妇人漏白带
糙独活,治疗,经周身寒湿疼痛
草果,治疗,痰积聚
草果,治疗,截疟疾
线纹香茶菜,治疗,乌中毒
西南叶下珠,治疗,尿道结石
长序山芝麻,治疗,发热症
鹿蹄草,治疗,止咳
齿叶景天,治疗,骨折扭伤
齿叶景天,治疗,青肿疼痛
赤豆,治疗,各种肿毒
梓,治疗,肾脏病
梓,治疗,肾气膀胱炎
川西小黄菊,治疗,湿热
展毛银莲花,治疗,牲畜疥癣
刺瓜,治疗,血尿闭经
刺葡萄,治疗,筋骨伤痛
粗毛淫羊藿,治疗,虚劳久咳
石香薷,治疗,皮肤湿疹搔痒
续随子,治疗,癣疮类
黔北淫羊藿,治疗,腰酸腿痛
黔北淫羊藿,治疗,目眩耳鸣
当归,治疗,经闭腹痛
当归,治疗,瘕结聚
当归,治疗,血虚头痛
当归,治疗,痿痹
当归,治疗,肠燥便难
青灰叶下珠,治疗,小儿疳积病
楸,治疗,恶疮疽瘘
楸,治疗,痈肿疳痔
楸,治疗,上气咳嗽
泰国大风子,治疗,麻风病
泉七,治疗,血栓性脉管炎
蘘荷,治疗,腹痛气滞
蘘荷,治疗,痈疽肿毒
蘘荷,治疗,大叶性肺炎
蘘荷,治疗,指头炎
蘘荷,治疗,荨麻症
人心果,治疗,热症
肉荚云实,治疗,瘰癧
五叶铁线莲,治疗,虚寒胃痛
五叶铁线莲,治疗,干血痨
扬子毛茛,治疗,腹水浮肿
萝卜,治疗,初痢
蓝花丹,治疗,瘊子
蓝堇草,治疗,心血管疾病
乌苏里鼠李,治疗,稻瘟病
老鸦糊,治疗,裤带疮
圆果算盘子,治疗,溃烂
短尾铁线莲,治疗,心烦尿赤
短尾铁线莲,治疗,腹中胀满
短尾铁线莲,治疗,大便秘结
蒌蒿,治疗,无黄胆型肝炎
龙眼独活,治疗,小儿痘症
石蒜,治疗,小儿麻痹症
鹿角藤,治疗,妇女黄疸
卵叶白绒草,治疗,癔病
裸花水竹叶,治疗,疮疖红肿
裸茎金腰,治疗,急性肝坏
野菰,治疗,瘘
走马胎,治疗,痈疖溃烂
野香橼花,治疗,老痔疮
毛茛科,治疗,病虫害
毛叶腹水草,治疗,血吸虫病
铁钓竿,治疗,血吸虫病
玫瑰,治疗,胸腹胀满
美人蕉,治疗,黄疸肝炎
绵三七,治疗,胃腹疼痛
明党参,治疗,痰火咳嗽喘逆
榅桲,治疗,水泻
榅桲,治疗,肠虚
榅桲,治疗,烦热
大白杜鹃,治疗,牛跌伤后腹泻
大花威灵仙,治疗,大小便闭结
大麻,治疗,恶风
大麻,治疗,麻蕡
大纽子花,治疗,血吸虫病
大尾摇,治疗,口腔糜烂
大叶匙羹藤,治疗,小儿麻痹症
大叶唐松草,治疗,目红肿痛
大叶碎米荠,治疗,败血病
代儿茶,治疗,蝎咬伤
代儿茶,治疗,梅毒
代儿茶,治疗,麻疯
单花荠,治疗,肺咯血
单叶铁线莲,治疗,小儿高热惊风
单叶铁线莲,治疗,急慢性支气管炎
单叶铁线莲,治疗,热毒疗疮
弹裂碎米荠,治疗,妇女经血不调
当归藤,治疗,不孕
土牛膝,治疗,流行性腮腺炎
土牛膝,治疗,泌尿系结石
野百合,治疗,风湿麻痹
线叶山土瓜,治疗,虚热
线叶山土瓜,治疗,盗汗
地锦苗,治疗,瘀血
钝叶黑面神,治疗,妇科疾病
钝叶黑面神,治疗,湿疹皮炎
钝叶黑面神,治疗,皮肤疮毒
微柱麻,治疗,胃腹疼痛
滇南草乌,治疗,中风瘫痪
滇南冠唇花,治疗,喘咳气
滇紫草属,治疗,麻疹痘毒
吊灯花,治疗,癞癣
丁癸草,治疗,疔疾
钉头果,治疗,小儿肠胃病
钉头果,治疗,肺痨
东风菜,治疗,蛇毒
杜鹃,治疗,内伤咳嗽
杜鹃,治疗,肾虚耳聋
盾叶莓,治疗,腰腿酸疼
钝叶黄芩,治疗,口苦
多叶勾儿茶,治疗,淋巴腺结核
红茎黄芩,治疗,目热
海金沙,治疗,伤寒热
海桐花属,治疗,镇痛
海桐花属,治疗,消炎
诃子,治疗,慢性咽喉炎
诃子,治疗,咽喉干燥
紫花合掌消,治疗,四肢风湿
紫花合掌消,治疗,蛇头疮
红敷地发,治疗,各种疮疥
野芋,治疗,大腿深部脓肿
鸡蛋花,治疗,湿热下痢
厚壳树,治疗,肿痛
厚壳树,治疗,痛疮红肿
厚藤,治疗,疮疖肿痛
华山姜,治疗,胃寒冷痛
华山姜,治疗,噎膈呕吐
滑叶藤,治疗,气滞腹胀
滑叶藤,治疗,乳痈红肿
画眉草,治疗,铁打损伤
槐叶苹,治疗,虚劳发热
会东藤,治疗,心口痛
霍州油菜,治疗,眼赤肿痛
台湾枇杷,治疗,愈热病
太白美花草,治疗,小儿肺炎
异色黄芩,治疗,痈毒疔疮
尾囊草,治疗,挫伤青肿
五月茶,治疗,小儿头疮
三叶崖爬藤,治疗,小儿高烧
三枝九叶草,治疗,关节风湿痛
沙棘属,治疗,职业性中毒疾病
山芹,治疗,风湿痺痛
山芹,治疗,痈疮肿痛
石龙芮,治疗,蛇毒
石龙芮,治疗,风寒湿痺
柊叶,治疗,音哑
柊叶,治疗,口腔溃疡
朱唇,治疗,腹痛不适
珠仔树,治疗,眼热症
禺毛茛,治疗,目疾
艳山姜,治疗,呕吐腹泻
羊红膻,治疗,克山病
腰骨藤,治疗,腰骨风湿痛
宜昌胡颓子,治疗,肺虚短气
远志木蓝,治疗,腹部胀痛
细木通,治疗,麻疯
腺粒委陵菜,治疗,血管硬化
香附子,治疗,妇科各症
小露兜,治疗,小肠疝气
莪术,治疗,妇女血瘀经闭
乌头,治疗,肾阳衰弱
乌头,治疗,脾阳衰弱
乌头,治疗,风痰积聚
鸡娃草,治疗,某些癣疾
大籽蒿,治疗,灼伤
重齿当归,治疗,痈疡
重齿当归,治疗,漫肿
木竹子,治疗,各种炎症
阿米芹,治疗,冠状动脉性疾病
阿米芹,治疗,狭心症
阿米芹,治疗,冠状血栓症
阴香,治疗,恶毒大疮飞蛇疮
全缘叶绿绒蒿,治疗,跌打骨折
紫金牛,治疗,慢性气管炎
罗勒,治疗,小儿发热
吊裙草,治疗,风湿麻痹
小叶棘豆,治疗,马鞍伤
剑叶紫金牛,治疗,鹅喉
毛菍,治疗,水泻
毛菍,治疗,刀伤跌打
活血丹,治疗,疮疖痈肿丹毒
绣球防风,治疗,风湿麻木疼痛
绣球防风,治疗,皮疹
绣球防风,治疗,虐疾
绣球防风,治疗,小儿瘦疳攻眼
绣球防风,治疗,眼青盲
绣球防风,治疗,白翳遮睛
绣球防风,治疗,梅毒
绣球防风,治疗,痈疽发背
绣球防风,治疗,癣疥癞
绣球防风,治疗,杨梅结毒
绣球防风,治疗,小儿疳疾眼眦
博落回,治疗,蜂螫伤
扣匹,治疗,黄白尿症
败酱,治疗,慢性阑尾炎
石椒草,治疗,寒冷胃气疼痛
海南萝芙木,治疗,恶疮溃疡
番荔枝,治疗,恶疮肿痛
方叶五月茶,治疗,小儿头痛
飞龙掌血,治疗,间神经痛
分叉露兜,治疗,某些炎症
枫香槲寄生,治疗,急性膀胱炎
蜂窠马兜铃,治疗,猪瘟病
天南星,治疗,子宫颈癌
铁轴草,治疗,劳伤水肿
打破碗花花,治疗,小麦叶锈病
打破碗花花,治疗,小麦秆锈病
甘遂,治疗,各种水肿
半枝莲,治疗,各种炎症
半枝莲,治疗,蚊虫咬伤
葛藟葡萄,治疗,关节酸痛
沙枣,治疗,恶疥疮
厚叶雀舌木,治疗,皮肤溃疡
帘子藤,治疗,腰骨酸痛
花南星,治疗,咬伤
滇瑞香,治疗,跌打风湿痛
夏枯草,治疗,止筋骨疼
夏枯草,治疗,手足周身节骨酸疼
马莲鞍,治疗,湿热
榉树,治疗,肿烂恶疮
光叶闭鞘姜,治疗,肝硬化腹水
光叶闭鞘姜,治疗,肌肉肿痛
光叶闭鞘姜,治疗,阴囊肿痛
毛柄短肠蕨,治疗,头晕症
广西莪术,治疗,症瘕
广西莪术,治疗,妇女血瘀经闭
猫头刺,治疗,脓疮
肉桂,治疗,虚寒胃痛
肉桂,治疗,慢性消化不良
肉桂,治疗,受寒经闭
土丁桂,治疗,眼膜炎
铁冬青,治疗,热毒
铁冬青,治疗,阴疮
藿香,治疗,霍乱腹痛
八角莲,治疗,关节酸痛
杜仲藤,治疗,风湿腰骨痛
杜茎山,治疗,皮肤风毒
白花地丁,治疗,节疮痛肿
变色白前,治疗,虚痨热
变色白前,治疗,淋痛
威灵仙,治疗,丝虫病
须花翠雀花,治疗,水泻
白头翁,治疗,小麦锈病
白头翁,治疗,马铃薯晚疫病
白叶莓,治疗,风寒咳喘
白芷,治疗,伤风头痛
白芷,治疗,腰脚酸痛
杭白芷,治疗,前额头痛
杭白芷,治疗,鼻窦炎
杭白芷,治疗,痔漏
赪桐,治疗,心慌心跳
地桃花,治疗,白痢
胡颓子,治疗,肺虚短气
半枫荷,治疗,瘀积肿痛
半枫荷,治疗,产后风瘫
华鼠尾草,治疗,骨痛
包疮叶,治疗,急性黄胆型肝炎
北鱼黄草,治疗,下肢肿痛
北乌头,治疗,棉花立枯病
贝叶棕,治疗,热感冒
背扁黄耆,治疗,遗精早
丹参,治疗,血瘀
丹参,治疗,庙痛
丹参,治疗,神经性衰弱失眠
丹参,治疗,急慢性肝炎
丹参,治疗,肾孟肾炎
丹参,治疗,晚期血吸虫病肝脾肿大
金丝草,治疗,感冒高热
蔽果金腰,治疗,高烧症
遍地金,治疗,久痢赤
碎米桠,治疗,食道癌
碎米桠,治疗,贲门癌
碎米桠,治疗,乳腺癌
土人参,治疗,疔疮疖肿
薄荷,治疗,感冒发热喉痛
薄荷,治疗,目赤痛
薄荷,治疗,皮肤风疹搔痒
南黄堇,治疗,全草抗痉镇痛
楠藤,治疗,疥疮积热
楠藤,治疗,各种炎症
戟叶堇菜,治疗,节疮痛肿
山石榴,治疗,跌打腹痛
牛尾草,治疗,各种毒疮
牛膝,治疗,肝肾亏虚
欧白英,治疗,季节性风湿病
欧当归,治疗,神经疾病
欧当归,治疗,慢性心脏病
欧夏至草,治疗,慢性病
鸡麻,治疗,血虚肾亏
山姜,治疗,噫气
碱黄鹤菜,治疗,疮肿疗毒
姜,治疗,肢冷脉微
姜,治疗,寒饮喘咳
郁金,治疗,肩臂痹痛
温郁金,治疗,多种皮肤病
姜黄,治疗,肩臂痹痛
浆果醉鱼草,治疗,黄疸肝炎
草珊瑚,治疗,恶性肿瘤
结香,治疗,阴湿肥
金慈姑,治疗,风湿关节痛
旋覆花,治疗,平喘镇咳